Date,Chamber_#,Temp,pCO2,Sal,pH_Green.Purple,Salinity,t_oC_spec,P__dbars,Total_P_mmol.kgSW,Total_Si_mmol.kgSW,t_oC__treatment,P_dbars,TA__mmol.kgSW__Corrected_with_the_CRM,TCO2__mmol.kgSW__corrected_with_the_CRM_from_preserved_samples,pH_Chosen_Scale,t_oC_out,pH_out_chamber,fCO2_out_matm,pCO2_out_matm,HCO3_out_mmol.kgSW,CO3_out_mmol.kgSW,CO2_out_mmol.kgSW,B_Alk_out_mmol.kgSW,OH_out_mmol.kgSW,P_Alk_out_mmol.kgSW,Si_Alk_out_mmol.kgSW,Revelle_out,WCa_out,WAr_out,xCO2 out _dry at1atm_ppm
4/29/2021,1,H,L,H,G,27.14,20.21,1,0,0,27.1,1,1966.21,,7.909,27.1,7.808,676,677.8,1702.2,107.3,19,45.3,4.1,0,0,13.15,2.77,1.79,702.3
4/29/2021,2,H,L,H,G,27.36,20.85,1,0,0,27.1,1,1936.91,,7.905,27.1,7.814,654,656.5,1671.8,107.4,18.3,46.3,4.1,0,0,12.96,2.76,1.79,680.2
4/29/2021,3,H,L,H,G,27.22,20.88,1,0,0,27.2,1,1962.43,,7.906,27.2,7.814,665,666.5,1694.6,108.8,18.6,46.1,4.2,0,0,13.02,2.8,1.82,690.8
4/29/2021,4,H,H,H,P,27.18,20.94,1,0,0,26.8,1,1968.91,,7.464,26.8,7.392,1921,1926.8,1859.5,44.5,54.3,18.8,1.5,0,0,17.41,1.15,0.74,1995.1
4/29/2021,5,H,H,H,P,27.13,20.75,1,0,0,26.9,1,1968.86,,7.465,26.9,7.39,1934,1940.2,1859.9,44.4,54.5,18.7,1.5,0,0,17.4,1.14,0.74,2009.4
4/29/2021,6,H,H,H,P,27.11,20.71,1,0,0,27,1,1946.47,,7.453,27,7.376,1975,1981.2,1841.3,42.8,55.6,18.2,1.5,0,0,17.35,1.1,0.71,2052.3
4/29/2021,7,H,H,L,P,17.32,20.76,1,0,0,26.9,1,1245.79,,7.313,26.9,7.248,1920,1926.4,1206.8,15.5,56.9,7.2,0.8,0,0,16.16,0.43,0.27,1995.5
4/29/2021,8,H,H,L,P,17.16,20.54,1,0,0,26.9,1,1241.94,,7.303,26.9,7.236,1974,1979.9,1204.3,15,58.6,6.9,0.8,0,0,15.96,0.42,0.26,2051
4/29/2021,9,H,H,L,P,17.17,20.92,1,0,0,26.9,1,1244.31,,7.307,26.9,7.244,1941,1946.7,1205.9,15.3,57.6,7.1,0.8,0,0,16.09,0.43,0.26,2016.6
4/29/2021,10,L,L,H,G,27.13,20.82,1,0,0,23.1,1,1971.75,,7.843,23.1,7.81,671,673.4,1737.8,94.9,20.9,41.4,2.9,0,0,14.18,2.41,1.55,692.4
4/29/2021,11,L,L,H,G,27.13,20.46,1,0,0,23.1,1,1905.18,,7.811,23.1,7.773,712,714.7,1694.2,84.9,22.1,38.4,2.6,0,0,14.62,2.16,1.39,734.9
4/29/2021,12,L,L,H,G,27.12,20.46,1,0,0,23.1,1,1970.62,,7.846,23.1,7.808,675,677,1737.9,94.3,21,41.2,2.9,0,0,14.22,2.4,1.54,696.1
4/29/2021,13,L,H,H,P,27.1,20.52,1,0,0,23.1,1,1971.38,,7.415,23.1,7.384,1934,1940.5,1876.8,38.4,60.1,16.8,1.1,0,0,17.74,0.98,0.63,1995.3
4/29/2021,14,L,H,H,P,27.13,20.85,1,0,0,23.1,1,1993.23,,7.428,23.1,7.401,1878,1883.8,1894.1,40.3,58.4,17.5,1.1,0,0,17.83,1.03,0.66,1937
4/29/2021,15,L,H,H,P,27.12,20.82,1,0,0,23.1,1,1972.62,,7.419,23.1,7.391,1900,1906.3,1876.4,39.1,59.1,17.1,1.1,0,0,17.77,0.99,0.64,1960.2
4/29/2021,16,L,H,L,P,17.22,20.98,1,0,0,23.1,1,1247.82,,7.247,23.1,7.225,1993,1999,1215.5,12.8,65.3,6.2,0.6,0,0,15.4,0.35,0.21,2055.8
4/29/2021,17,L,H,L,P,17.15,20.74,1,0,0,23.1,1,1239.88,,7.242,23.1,7.217,2017,2023.5,1208.3,12.5,66.1,6.1,0.6,0,0,15.25,0.34,0.21,2080.9
4/29/2021,18,L,H,L,P,17.17,20.84,1,0,0,23,1,1307.29,,7.292,23,7.269,1882,1887.6,1270.4,14.8,61.8,6.8,0.6,0,0,16.25,0.41,0.25,1940.9
4/29/2021,19,H,L,L,G,17.17,21.36,1,0,0,27.1,1,1237.06,,7.73,27.1,7.653,718,719.9,1142.8,37.4,21.2,17.3,2.2,0,0,17.13,1.05,0.64,746.1
4/29/2021,20,H,L,L,G,17.24,20.77,1,0,0,27,1,1271.32,,7.715,27,7.632,776,778.3,1179.3,36.7,23,16.6,2.1,0,0,17.45,1.03,0.63,806.4
4/29/2021,21,H,L,L,G,17.24,20.95,1,0,0,27.2,1,1243.36,,7.74,27.2,7.656,716,718,1147.6,38,21.1,17.5,2.2,0,0,17.06,1.07,0.65,744.2
4/29/2021,22,L,L,L,G,17.19,21.15,1,0,0,23.1,1,1235.87,,7.672,23.1,7.646,717,719.8,1154.6,32.1,23.5,15.6,1.5,0,0,18.15,0.88,0.54,740.2
4/29/2021,23,L,L,L,G,17.22,21.04,1,0,0,23.1,1,1297.08,,7.705,23.1,7.677,698,699.9,1206.6,36.1,22.8,16.7,1.6,0,0,18.03,0.99,0.6,719.8
4/29/2021,24,L,L,L,G,17.15,21.14,1,0,0,23.1,1,1236.71,,7.675,23.1,7.649,713,715.7,1155,32.3,23.4,15.6,1.5,0,0,18.14,0.89,0.54,736
4/30/2021,1,H,L,H,G,27.3,,,,,26.7,,,,,,,,,,,,,,,,,,,
4/30/2021,2,H,L,H,G,27.64,,,,,26.6,,,,,,,,,,,,,,,,,,,
4/30/2021,3,H,L,H,G,27.37,,,,,26.6,,,,,,,,,,,,,,,,,,,
4/30/2021,4,H,H,H,P,27.44,,,,,26.8,,,,,,,,,,,,,,,,,,,
4/30/2021,5,H,H,H,P,27.29,,,,,26.9,,,,,,,,,,,,,,,,,,,
4/30/2021,6,H,H,H,P,27.34,,,,,26.7,,,,,,,,,,,,,,,,,,,
4/30/2021,7,H,H,L,P,17.29,,,,,26.5,,,,,,,,,,,,,,,,,,,
4/30/2021,8,H,H,L,P,17.29,,,,,26.6,,,,,,,,,,,,,,,,,,,
4/30/2021,9,H,H,L,P,17.35,,,,,26.7,,,,,,,,,,,,,,,,,,,
4/30/2021,10,L,L,H,G,27.22,,,,,22.9,,,,,,,,,,,,,,,,,,,
4/30/2021,11,L,L,H,G,27.18,,,,,22.9,,,,,,,,,,,,,,,,,,,
4/30/2021,12,L,L,H,G,27.2,,,,,22.9,,,,,,,,,,,,,,,,,,,
4/30/2021,13,L,H,H,P,27.17,,,,,23,,,,,,,,,,,,,,,,,,,
4/30/2021,14,L,H,H,P,27.16,,,,,23.1,,,,,,,,,,,,,,,,,,,
4/30/2021,15,L,H,H,P,27.21,,,,,23,,,,,,,,,,,,,,,,,,,
4/30/2021,16,L,H,L,P,17.32,,,,,22.9,,,,,,,,,,,,,,,,,,,
4/30/2021,17,L,H,L,P,17.24,,,,,23,,,,,,,,,,,,,,,,,,,
4/30/2021,18,L,H,L,P,17.24,,,,,22.9,,,,,,,,,,,,,,,,,,,
4/30/2021,19,H,L,L,G,17.27,,,,,26.6,,,,,,,,,,,,,,,,,,,
4/30/2021,20,H,L,L,G,17.32,,,,,26.7,,,,,,,,,,,,,,,,,,,
4/30/2021,21,H,L,L,G,17.32,,,,,26.6,,,,,,,,,,,,,,,,,,,
4/30/2021,22,L,L,L,G,17.19,,,,,22.9,,,,,,,,,,,,,,,,,,,
4/30/2021,23,L,L,L,G,17.28,,,,,22.9,,,,,,,,,,,,,,,,,,,
4/30/2021,24,L,L,L,G,17.26,,,,,22.8,,,,,,,,,,,,,,,,,,,
5/1/2021,1,H,L,H,G,27.12,,,,,25.9,,,,,,,,,,,,,,,,,,,
5/1/2021,2,H,L,H,G,27.24,,,,,26.1,,,,,,,,,,,,,,,,,,,
5/1/2021,3,H,L,H,G,27.33,,,,,26,,,,,,,,,,,,,,,,,,,
5/1/2021,4,H,H,H,P,27.22,,,,,26.5,,,,,,,,,,,,,,,,,,,
5/1/2021,5,H,H,H,P,27.18,,,,,26.6,,,,,,,,,,,,,,,,,,,
5/1/2021,6,H,H,H,P,27.11,,,,,26.5,,,,,,,,,,,,,,,,,,,
5/1/2021,7,H,H,L,P,17.25,,,,,26.5,,,,,,,,,,,,,,,,,,,
5/1/2021,8,H,H,L,P,17.16,,,,,26.5,,,,,,,,,,,,,,,,,,,
5/1/2021,9,H,H,L,P,17.26,,,,,26.5,,,,,,,,,,,,,,,,,,,
5/1/2021,10,L,L,H,G,26.95,,,,,22.5,,,,,,,,,,,,,,,,,,,
5/1/2021,11,L,L,H,G,26.98,,,,,22.5,,,,,,,,,,,,,,,,,,,
5/1/2021,12,L,L,H,G,26.98,,,,,22.5,,,,,,,,,,,,,,,,,,,
5/1/2021,13,L,H,H,P,27.1,,,,,22.6,,,,,,,,,,,,,,,,,,,
5/1/2021,14,L,H,H,P,27.03,,,,,22.8,,,,,,,,,,,,,,,,,,,
5/1/2021,15,L,H,H,P,27.02,,,,,22.7,,,,,,,,,,,,,,,,,,,
5/1/2021,16,L,H,L,P,17.31,,,,,22.5,,,,,,,,,,,,,,,,,,,
5/1/2021,17,L,H,L,P,17.32,,,,,22.5,,,,,,,,,,,,,,,,,,,
5/1/2021,18,L,H,L,P,17.3,,,,,22.6,,,,,,,,,,,,,,,,,,,
5/1/2021,19,H,L,L,G,17.362,,,,,26.3,,,,,,,,,,,,,,,,,,,
5/1/2021,20,H,L,L,G,17.3,,,,,26,,,,,,,,,,,,,,,,,,,
5/1/2021,21,H,L,L,G,17.363,,,,,26,,,,,,,,,,,,,,,,,,,
5/1/2021,22,L,L,L,G,17.32,,,,,22.5,,,,,,,,,,,,,,,,,,,
5/1/2021,23,L,L,L,G,17.31,,,,,22.5,,,,,,,,,,,,,,,,,,,
5/1/2021,24,L,L,L,G,17.32,,,,,22.5,,,,,,,,,,,,,,,,,,,
5/2/2021,1,H,L,H,G,27.08,,,,,27,,,,,,,,,,,,,,,,,,,
5/2/2021,2,H,L,H,G,27.01,,,,,27.4,,,,,,,,,,,,,,,,,,,
5/2/2021,3,H,L,H,G,27.08,,,,,27.1,,,,,,,,,,,,,,,,,,,
5/2/2021,4,H,H,H,P,27.42,,,,,26.8,,,,,,,,,,,,,,,,,,,
5/2/2021,5,H,H,H,P,27.26,,,,,27.1,,,,,,,,,,,,,,,,,,,
5/2/2021,6,H,H,H,P,27.14,,,,,27,,,,,,,,,,,,,,,,,,,
5/2/2021,7,H,H,L,P,17.32,,,,,26.8,,,,,,,,,,,,,,,,,,,
5/2/2021,8,H,H,L,P,17.33,,,,,26.9,,,,,,,,,,,,,,,,,,,
5/2/2021,9,H,H,L,P,17.34,,,,,26.9,,,,,,,,,,,,,,,,,,,
5/2/2021,10,L,L,H,G,27.02,,,,,23.6,,,,,,,,,,,,,,,,,,,
5/2/2021,11,L,L,H,G,227,,,,,23.6,,,,,,,,,,,,,,,,,,,
5/2/2021,12,L,L,H,G,27.03,,,,,23.6,,,,,,,,,,,,,,,,,,,
5/2/2021,13,L,H,H,P,27.03,,,,,23,,,,,,,,,,,,,,,,,,,
5/2/2021,14,L,H,H,P,247.06,,,,,23,,,,,,,,,,,,,,,,,,,
5/2/2021,15,L,H,H,P,27.06,,,,,22.8,,,,,,,,,,,,,,,,,,,
5/2/2021,16,L,H,L,P,17.36,,,,,22.8,,,,,,,,,,,,,,,,,,,
5/2/2021,17,L,H,L,P,17.36,,,,,22.8,,,,,,,,,,,,,,,,,,,
5/2/2021,18,L,H,L,P,17.33,,,,,267,,,,,,,,,,,,,,,,,,,
5/2/2021,19,H,L,L,G,17.53,,,,,26.9,,,,,,,,,,,,,,,,,,,
5/2/2021,20,H,L,L,G,17.43,,,,,26.9,,,,,,,,,,,,,,,,,,,
5/2/2021,21,H,L,L,G,17.41,,,,,23.6,,,,,,,,,,,,,,,,,,,
5/2/2021,22,L,L,L,G,17.37,,,,,23.6,,,,,,,,,,,,,,,,,,,
5/2/2021,23,L,L,L,G,17.36,,,,,23.6,,,,,,,,,,,,,,,,,,,
5/2/2021,24,L,L,L,G,17.39,,,,,,,,,,,,,,,,,,,,,,,,
5/3/2021,1,H,L,H,G,27.44,20.29,1,0,0,26.5,1,1934.8,,7.856,26.5,7.766,738,740.7,1697.9,95.9,21,41.7,3.5,0,0,13.78,2.46,1.59,766.5
5/3/2021,2,H,L,H,G,27.42,21.06,1,0,0,26.7,1,1991.59,,7.905,26.7,7.823,657,659.5,1718.4,111.2,18.6,46.8,4.1,0,0,13.01,2.85,1.85,682.7
5/3/2021,3,H,L,H,G,27.27,21.21,1,0,0,26.6,1,1965.69,1745.829174,7.9,26.6,7.821,652,653.9,1698.1,108.7,18.5,46.2,4,0,0,13.05,2.79,1.81,676.8
5/3/2021,4,H,H,H,P,27.54,20.84,1,0,0,26.6,1,1815.95,,7.448,26.6,7.378,1826,1831.4,1716.3,39.9,51.8,18.5,1.5,0,0,17.13,1.02,0.66,1895.5
5/3/2021,5,H,H,H,P,27.33,20.92,1,0,0,26.6,1,1951.43,1906.529172,7.477,26.6,7.407,1833,1839.1,1839.6,45.4,52,19.5,1.6,0,0,17.38,1.17,0.76,1903.5
5/3/2021,6,H,H,H,P,27.33,20.87,1,0,0,26.7,1,1961.68,,7.484,26.7,7.412,1822,1827.6,1847.8,46.3,51.6,19.8,1.6,0,0,17.38,1.19,0.77,1892
5/3/2021,7,H,H,L,P,17.46,20.58,1,0,0,26.7,1,1380.89,1287.401647,7.507,26.7,7.434,1360,1364.5,1316.9,25.9,40.5,11,1.3,0,0,18.36,0.72,0.44,1412.8
5/3/2021,8,H,H,L,P,17.41,20.88,1,0,0,26.8,1,1246.38,,7.331,26.8,7.267,1831,1836.2,1205.6,16.2,54.4,7.6,0.9,0,0,16.45,0.45,0.28,1901.7
5/3/2021,9,H,H,L,G,17.42,20.75,1,0,0,26.8,1,1253.92,,7.313,26.8,7.249,1925,1931.3,1214.6,15.6,57.2,7.3,0.8,0,0,16.17,0.44,0.27,2000.1
5/3/2021,10,L,L,H,G,27.13,20.92,1,0,0,22.9,1,1811.32,,7.818,22.9,7.789,648,650.5,1603.3,82.9,20.3,39.6,2.7,0,0,14.24,2.11,1.35,668.6
5/3/2021,11,L,L,H,G,27.04,20.95,1,0,0,23,1,1943.96,1783.884429,7.835,23,7.805,670,672.2,1716.2,92.1,20.9,40.8,2.8,0,0,14.26,2.35,1.5,691
5/3/2021,12,L,L,H,P,27.09,20.92,1,0,0,23,1,1951.4,1817.991093,7.839,23,7.809,666,668.3,1720.9,93.2,20.8,41.2,2.8,0,0,14.2,2.37,1.52,687.1
5/3/2021,13,L,H,H,P,27.15,20.09,1,0,0,23.1,1,1970.77,,7.477,23.1,7.439,1690,1695.1,1863.8,43.4,52.5,19,1.2,0,0,17.87,1.1,0.71,1742.9
5/3/2021,14,L,H,H,P,27.22,21,1,0,0,23.1,1,1971.27,,7.43,23.1,7.404,1838,1844.5,1872,40.3,57.1,17.7,1.1,0,0,17.8,1.02,0.66,1896.6
5/3/2021,15,L,H,H,P,27.16,20.93,1,0,0,23.1,1,1945.33,,7.416,23.1,7.39,1880,1886.5,1850.4,38.4,58.4,17.1,1.1,0,0,17.73,0.98,0.63,1939.8
5/3/2021,16,L,H,L,G,17.46,20.59,1,0,0,23,1,1237.15,1274.459045,7.266,23,7.24,1896,1902.5,1203.6,13.2,62.2,6.5,0.6,0,0,15.68,0.36,0.22,1956.2
5/3/2021,17,L,H,L,G,17.46,20.6,1,0,0,23,1,1246.65,,7.3,23,7.274,1765,1770.3,1210.3,14.4,57.9,7,0.6,0,0,16.28,0.39,0.24,1820.2
5/3/2021,18,L,H,L,G,17.47,20.56,1,0,0,23,1,1313.45,,7.312,23,7.285,1810,1815.6,1274.6,15.5,59.3,7.2,0.7,0,0,16.55,0.43,0.26,1866.8
5/3/2021,19,H,L,L,G,17.52,20.53,1,0,0,26.5,1,1333.84,,7.8,26.5,7.717,655,656.9,1219.7,45.8,19.6,20.1,2.4,0,0,16.63,1.28,0.78,679.9
5/3/2021,20,H,L,L,G,17.48,20.74,1,0,0,26.6,1,1230.95,,7.724,26.6,7.645,723,724.8,1139,36.3,21.6,17.3,2.1,0,0,17.19,1.01,0.62,750.4
5/3/2021,21,H,L,L,G,17.47,21.01,1,0,0,26.5,1,1235.38,1220.628504,7.718,26.5,7.644,727,729,1143.7,36.3,21.7,17.2,2,0,0,17.25,1.01,0.62,754.5
5/3/2021,22,L,L,L,G,17.41,20.79,1,0,0,23,1,1250.29,,7.644,23,7.615,780,782.9,1173.1,30.5,25.6,14.8,1.4,0,0,18.37,0.84,0.51,805
5/3/2021,23,L,L,L,G,17.4,20.87,1,0,0,23,1,1247.78,,7.667,23,7.639,735,737.3,1166.7,32,24.1,15.6,1.5,0,0,18.19,0.88,0.53,758.1
5/3/2021,24,L,L,L,G,17.4,21.02,1,0,0,23,1,1246.51,1255.450493,7.673,23,7.647,720,722.4,1164.2,32.5,23.6,15.8,1.5,0,0,18.12,0.89,0.54,742.8
5/4/2021,1,H,L,H,P,27.5,,,,,26.3,,,,,,,,,,,,,,,,,,,
5/4/2021,2,H,L,H,P,27.5,,,,,26.4,,,,,,,,,,,,,,,,,,,
5/4/2021,3,H,L,H,P,27.49,,,,,26.3,,,,,,,,,,,,,,,,,,,
5/4/2021,4,H,H,H,P,27.58,,,,,26.8,,,,,,,,,,,,,,,,,,,
5/4/2021,5,H,H,H,P,27.45,,,,,26.8,,,,,,,,,,,,,,,,,,,
5/4/2021,6,H,H,H,G,27.48,,,,,26.9,,,,,,,,,,,,,,,,,,,
5/4/2021,7,H,H,L,G,17.28,,,,,26.8,,,,,,,,,,,,,,,,,,,
5/4/2021,8,H,H,L,G,17.36,,,,,26.8,,,,,,,,,,,,,,,,,,,
5/4/2021,9,H,H,L,P,17.49,,,,,26.8,,,,,,,,,,,,,,,,,,,
5/4/2021,10,L,L,H,P,27.31,,,,,23,,,,,,,,,,,,,,,,,,,
5/4/2021,11,L,L,H,P,27.29,,,,,23,,,,,,,,,,,,,,,,,,,
5/4/2021,12,L,L,H,P,26.76,,,,,23,,,,,,,,,,,,,,,,,,,
5/4/2021,13,L,H,H,G,27.29,,,,,23.1,,,,,,,,,,,,,,,,,,,
5/4/2021,14,L,H,H,G,27.28,,,,,23.1,,,,,,,,,,,,,,,,,,,
5/4/2021,15,L,H,H,G,27.28,,,,,23.1,,,,,,,,,,,,,,,,,,,
5/4/2021,16,L,H,L,G,17.05,,,,,23.1,,,,,,,,,,,,,,,,,,,
5/4/2021,17,L,H,L,G,17.04,,,,,23.1,,,,,,,,,,,,,,,,,,,
5/4/2021,18,L,H,L,G,17.05,,,,,23.1,,,,,,,,,,,,,,,,,,,
5/4/2021,19,H,L,L,G,17.24,,,,,26.4,,,,,,,,,,,,,,,,,,,
5/4/2021,20,H,L,L,G,17.25,,,,,26.4,,,,,,,,,,,,,,,,,,,
5/4/2021,21,H,L,L,G,17.21,,,,,26.4,,,,,,,,,,,,,,,,,,,
5/4/2021,22,L,L,L,P,17.21,,,,,23.1,,,,,,,,,,,,,,,,,,,
5/4/2021,23,L,L,L,P,17.2,,,,,23.1,,,,,,,,,,,,,,,,,,,
5/4/2021,24,L,L,L,P,17.2,,,,,23,,,,,,,,,,,,,,,,,,,
5/5/2021,1,H,L,H,P,27.61,,,,,26.6,,,,,,,,,,,,,,,,,,,
5/5/2021,2,H,L,H,P,27.69,,,,,26.7,,,,,,,,,,,,,,,,,,,
5/5/2021,3,H,L,H,P,27.66,,,,,26.6,,,,,,,,,,,,,,,,,,,
5/5/2021,4,H,H,H,P,27.66,,,,,26.6,,,,,,,,,,,,,,,,,,,
5/5/2021,5,H,H,H,P,27.57,,,,,26.7,,,,,,,,,,,,,,,,,,,
5/5/2021,6,H,H,H,G,27.58,,,,,26.7,,,,,,,,,,,,,,,,,,,
5/5/2021,7,H,H,L,G,17.41,,,,,26.6,,,,,,,,,,,,,,,,,,,
5/5/2021,8,H,H,L,G,17.43,,,,,26.6,,,,,,,,,,,,,,,,,,,
5/5/2021,9,H,H,L,P,17.43,,,,,26.6,,,,,,,,,,,,,,,,,,,
5/5/2021,10,L,L,H,P,27.34,,,,,23,,,,,,,,,,,,,,,,,,,
5/5/2021,11,L,L,H,P,27.35,,,,,23,,,,,,,,,,,,,,,,,,,
5/5/2021,12,L,L,H,P,27.3,,,,,23,,,,,,,,,,,,,,,,,,,
5/5/2021,13,L,H,H,G,27.34,,,,,23.1,,,,,,,,,,,,,,,,,,,
5/5/2021,14,L,H,H,G,27.47,,,,,23.2,,,,,,,,,,,,,,,,,,,
5/5/2021,15,L,H,H,G,27.52,,,,,23.1,,,,,,,,,,,,,,,,,,,
5/5/2021,16,L,H,L,G,17.15,,,,,23,,,,,,,,,,,,,,,,,,,
5/5/2021,17,L,H,L,G,17.13,,,,,23,,,,,,,,,,,,,,,,,,,
5/5/2021,18,L,H,L,G,17.15,,,,,23,,,,,,,,,,,,,,,,,,,
5/5/2021,19,H,L,L,G,17.4,,,,,26.5,,,,,,,,,,,,,,,,,,,
5/5/2021,20,H,L,L,G,17.42,,,,,26.5,,,,,,,,,,,,,,,,,,,
5/5/2021,21,H,L,L,G,17.36,,,,,26.6,,,,,,,,,,,,,,,,,,,
5/5/2021,22,L,L,L,P,17.29,,,,,23,,,,,,,,,,,,,,,,,,,
5/5/2021,23,L,L,L,P,17.27,,,,,23,,,,,,,,,,,,,,,,,,,
5/5/2021,24,L,L,L,P,17.3,,,,,23,,,,,,,,,,,,,,,,,,,
5/6/2021,1,H,L,H,P,27.42,,,,,25.7,,,,,,,,,,,,,,,,,,,
5/6/2021,2,H,L,H,P,27.76,,,,,25.7,,,,,,,,,,,,,,,,,,,
5/6/2021,3,H,L,H,P,27.53,,,,,25.7,,,,,,,,,,,,,,,,,,,
5/6/2021,4,H,H,H,P,27.74,,,,,26.2,,,,,,,,,,,,,,,,,,,
5/6/2021,5,H,H,H,P,27.66,,,,,26.2,,,,,,,,,,,,,,,,,,,
5/6/2021,6,H,H,H,G,27.66,,,,,26.2,,,,,,,,,,,,,,,,,,,
5/6/2021,7,H,H,L,G,17.55,,,,,26.2,,,,,,,,,,,,,,,,,,,
5/6/2021,8,H,H,L,G,17.54,,,,,26,,,,,,,,,,,,,,,,,,,
5/6/2021,9,H,H,L,P,17.53,,,,,25.8,,,,,,,,,,,,,,,,,,,
5/6/2021,10,L,L,H,P,27.41,,,,,23,,,,,,,,,,,,,,,,,,,
5/6/2021,11,L,L,H,P,27.4,,,,,22.9,,,,,,,,,,,,,,,,,,,
5/6/2021,12,L,L,H,P,27.33,,,,,23,,,,,,,,,,,,,,,,,,,
5/6/2021,13,L,H,H,G,27.38,,,,,23,,,,,,,,,,,,,,,,,,,
5/6/2021,14,L,H,H,G,27.75,,,,,22.9,,,,,,,,,,,,,,,,,,,
5/6/2021,15,L,H,H,G,27.62,,,,,23,,,,,,,,,,,,,,,,,,,
5/6/2021,16,L,H,L,G,17.22,,,,,23,,,,,,,,,,,,,,,,,,,
5/6/2021,17,L,H,L,G,17.21,,,,,23,,,,,,,,,,,,,,,,,,,
5/6/2021,18,L,H,L,G,17.21,,,,,23,,,,,,,,,,,,,,,,,,,
5/6/2021,19,H,L,L,G,17.48,,,,,25.8,,,,,,,,,,,,,,,,,,,
5/6/2021,20,H,L,L,G,17.44,,,,,25.9,,,,,,,,,,,,,,,,,,,
5/6/2021,21,H,L,L,G,17.45,,,,,25.8,,,,,,,,,,,,,,,,,,,
5/6/2021,22,L,L,L,P,17.35,,,,,23,,,,,,,,,,,,,,,,,,,
5/6/2021,23,L,L,L,P,17.34,,,,,23,,,,,,,,,,,,,,,,,,,
5/6/2021,24,L,L,L,P,17.36,,,,,23,,,,,,,,,,,,,,,,,,,
5/7/2021,1,H,L,H,P,27.85,20.28,1,0,0,27,1,1987.74,,7.92,27,7.821499753,655,656.81,1709.72,112.87,18.35,48.08,4.22,0,0,12.83,2.89,1.88,680.38
5/7/2021,2,H,L,H,P,27.84,20.59,1,0,0,27.1,1,2011.32,,7.92,27.1,7.824547305,658,659.63,1728.05,115.27,18.38,48.46,4.29,0,0,12.8,2.95,1.92,683.45
5/7/2021,3,H,L,H,P,27.84,20.4,1,0,0,27.1,1,2006,,7.928,27.1,7.829620347,647,649.12,1720.5,116.11,18.09,48.95,4.34,0,0,12.72,2.97,1.93,672.56
5/7/2021,4,H,H,H,P,27.96,20.47,1,0,0,27,1,2001.35,,7.511,27,7.428687099,1775,1780.82,1877.69,50.32,49.72,21.35,1.71,0,0,17.23,1.29,0.84,1844.71
5/7/2021,5,H,H,H,P,27.85,20.32,1,0,0,27.1,1,1975.87,,7.533,27.1,7.446630794,1679,1684.57,1848.66,51.67,46.95,22.12,1.8,0,0,17.14,1.32,0.86,1745.38
5/7/2021,6,H,H,H,G,27.81,20.29,1,0,0,27.1,1,2006.71,,7.532,27.1,7.445329365,1712,1717.26,1878.38,52.28,47.87,22.01,1.79,0,0,17.2,1.34,0.87,1779.26
5/7/2021,7,H,H,L,G,17.62,20.2,1,0,0,27,1,1275.63,,7.369,27,7.294260839,1754,1759.25,1230.85,17.83,51.79,8.21,0.96,0,0,16.87,0.5,0.31,1822.74
5/7/2021,8,H,H,L,G,17.6,20.26,1,0,0,26.9,1,1272.34,,7.376,26.9,7.302686243,1714,1719.41,1227,18.04,50.75,8.34,0.97,0,0,16.98,0.5,0.31,1781.09
5/7/2021,9,H,H,L,P,17.6,20.23,1,0,0,26.8,1,1263.37,,7.353,26.8,7.281362537,1790,1795.29,1220.53,17.03,53.12,7.93,0.91,0,0,16.67,0.47,0.29,1859.3
5/7/2021,10,L,L,H,P,27.18,20.14,1,0,0,23.2,1,1979.59,,7.846,23.2,7.801577987,688,690.54,1747.7,94.06,21.33,40.94,2.85,0,0,14.28,2.39,1.54,710.17
5/7/2021,11,L,L,H,P,27.36,20.12,1,0,0,22.6,1,1964.33,,7.845,22.6,7.808951654,668,670.16,1733.71,93.26,21.01,41.36,2.75,0,0,14.25,2.37,1.52,688.51
5/7/2021,12,L,L,H,P,27.38,20.15,1,0,0,22.5,1,1922.01,,7.835,22.5,7.800931631,667,668.78,1699.76,89.47,21.02,40.64,2.68,0,0,14.31,2.27,1.45,686.97
5/7/2021,13,L,H,H,G,27.47,20.12,1,0,0,22.4,1,1977.52,,7.444,22.4,7.415864864,1784,1790.22,1877.09,40.66,56.4,18.06,1.1,0,0,17.86,1.03,0.66,1838.61
5/7/2021,14,L,H,H,G,27.83,20.12,1,0,0,22.4,1,2016.5,,7.467,22.4,7.438465265,1718,1723.27,1908.12,43.96,54.18,19.32,1.16,0,0,17.89,1.11,0.71,1769.85
5/7/2021,15,L,H,H,G,27.73,20.14,1,0,0,22.4,1,1995.67,,7.448,22.4,7.420016025,1779,1784.79,1892.76,41.68,56.15,18.47,1.11,0,0,17.85,1.05,0.68,1833.03
5/7/2021,16,L,H,L,G,17.3,20.13,1,0,0,22.4,1,1253.74,,7.296,22.4,7.271432231,1784,1789.44,1218.42,13.98,59.5,6.8,0.6,0,0,16.18,0.38,0.23,1838.09
5/7/2021,17,L,H,L,G,17.29,20.14,1,0,0,22.4,1,1254.02,,7.295,22.4,7.270553863,1788,1793.81,1218.78,13.95,59.65,6.79,0.6,0,0,16.17,0.38,0.23,1842.58
5/7/2021,18,L,H,L,G,17.29,20.2,1,0,0,22.4,1,1252.01,,7.288,22.4,7.264285021,1812,1817.69,1217.31,13.74,60.44,6.69,0.59,0,0,16.05,0.38,0.23,1867.11
5/7/2021,19,H,L,L,G,17.6,20.2,1,0,0,27,1,1261.48,,7.761,27,7.668495886,699,701.3,1161.2,39.79,20.65,18.46,2.26,0,0,16.87,1.11,0.68,726.61
5/7/2021,20,H,L,L,G,17.52,20.28,1,0,0,27,1,1257.52,,7.751,27,7.659974024,713,714.92,1159.59,38.86,21.06,18.02,2.21,0,0,16.99,1.09,0.67,740.73
5/7/2021,21,H,L,L,G,17.55,20.29,1,0,0,27,1,1259.94,,7.758,27,7.666827438,702,703.9,1160.3,39.54,20.73,18.32,2.25,0,0,16.91,1.1,0.68,729.3
5/7/2021,22,L,L,L,P,17.31,20.33,1,0,0,22.4,1,1253.09,,7.69,22.4,7.662337214,696,698.21,1169.57,33.02,23.22,16.01,1.49,0,0,18.17,0.9,0.55,717.19
5/7/2021,23,L,L,L,P,17.4,20.28,1,0,0,22.4,1,1237.25,,7.685,22.4,7.656725111,696,697.86,1155.28,32.29,23.19,15.93,1.47,0,0,18.13,0.88,0.54,716.83
5/7/2021,24,L,L,L,P,17.44,20.28,1,0,0,22.4,1,1253.82,,7.683,22.4,7.65474785,708,710.35,1171.19,32.63,23.6,15.92,1.47,0,0,18.19,0.89,0.54,729.66
5/8/2021,1,H,L,H,P,27.23,,,,,27.4,,,,,,,,,,,,,,,,,,,
5/8/2021,2,H,L,H,P,27.16,,,,,27.4,,,,,,,,,,,,,,,,,,,
5/8/2021,3,H,L,H,P,27.22,,,,,27.5,,,,,,,,,,,,,,,,,,,
5/8/2021,4,H,H,H,P,27.27,,,,,27.6,,,,,,,,,,,,,,,,,,,
5/8/2021,5,H,H,H,P,27.29,,,,,27.2,,,,,,,,,,,,,,,,,,,
5/8/2021,6,H,H,H,G,27.24,,,,,27.5,,,,,,,,,,,,,,,,,,,
5/8/2021,7,H,H,L,G,16.28,,,,,26.9,,,,,,,,,,,,,,,,,,,
5/8/2021,8,H,H,L,G,16.69,,,,,27.3,,,,,,,,,,,,,,,,,,,
5/8/2021,9,H,H,L,P,16.69,,,,,27.1,,,,,,,,,,,,,,,,,,,
5/8/2021,10,L,L,H,P,26.94,,,,,23.5,,,,,,,,,,,,,,,,,,,
5/8/2021,11,L,L,H,P,26.99,,,,,23.5,,,,,,,,,,,,,,,,,,,
5/8/2021,12,L,L,H,P,27.09,,,,,23.5,,,,,,,,,,,,,,,,,,,
5/8/2021,13,L,H,H,G,27.12,,,,,23.5,,,,,,,,,,,,,,,,,,,
5/8/2021,14,L,H,H,G,27.07,,,,,23.5,,,,,,,,,,,,,,,,,,,
5/8/2021,15,L,H,H,G,27.07,,,,,23.6,,,,,,,,,,,,,,,,,,,
5/8/2021,16,L,H,L,G,16.66,,,,,23.5,,,,,,,,,,,,,,,,,,,
5/8/2021,17,L,H,L,G,16.75,,,,,23.5,,,,,,,,,,,,,,,,,,,
5/8/2021,18,L,H,L,G,16.75,,,,,23.6,,,,,,,,,,,,,,,,,,,
5/8/2021,19,H,L,L,G,16.75,,,,,27.8,,,,,,,,,,,,,,,,,,,
5/8/2021,20,H,L,L,G,16.9,,,,,27,,,,,,,,,,,,,,,,,,,
5/8/2021,21,H,L,L,G,16.76,,,,,27.7,,,,,,,,,,,,,,,,,,,
5/8/2021,22,L,L,L,P,16.66,,,,,23.4,,,,,,,,,,,,,,,,,,,
5/8/2021,23,L,L,L,P,16.65,,,,,23.4,,,,,,,,,,,,,,,,,,,
5/8/2021,24,L,L,L,P,16.68,,,,,23.4,,,,,,,,,,,,,,,,,,,
5/9/2021,1,H,L,H,P,27.9,,,,,,,,,,,,,,,,,,,,,,,,
5/9/2021,2,H,L,H,P,27.39,,,,,,,,,,,,,,,,,,,,,,,,
5/9/2021,3,H,L,H,P,27.44,,,,,,,,,,,,,,,,,,,,,,,,
5/9/2021,4,H,H,H,P,27.43,,,,,,,,,,,,,,,,,,,,,,,,
5/9/2021,5,H,H,H,P,27.4,,,,,,,,,,,,,,,,,,,,,,,,
5/9/2021,6,H,H,H,G,27.35,,,,,,,,,,,,,,,,,,,,,,,,
5/9/2021,7,H,H,L,G,16.68,,,,,,,,,,,,,,,,,,,,,,,,
5/9/2021,8,H,H,L,G,16.75,,,,,,,,,,,,,,,,,,,,,,,,
5/9/2021,9,H,H,L,P,16.74,,,,,,,,,,,,,,,,,,,,,,,,
5/9/2021,10,L,L,H,P,27.1,,,,,,,,,,,,,,,,,,,,,,,,
5/9/2021,11,L,L,H,P,27.105,,,,,,,,,,,,,,,,,,,,,,,,
5/9/2021,12,L,L,H,P,27.06,,,,,,,,,,,,,,,,,,,,,,,,
5/9/2021,13,L,H,H,G,27.57,,,,,,,,,,,,,,,,,,,,,,,,
5/9/2021,14,L,H,H,G,27.26,,,,,,,,,,,,,,,,,,,,,,,,
5/9/2021,15,L,H,H,G,27.21,,,,,,,,,,,,,,,,,,,,,,,,
5/9/2021,16,L,H,L,G,16.89,,,,,,,,,,,,,,,,,,,,,,,,
5/9/2021,17,L,H,L,G,16.87,,,,,,,,,,,,,,,,,,,,,,,,
5/9/2021,18,L,H,L,G,16.87,,,,,,,,,,,,,,,,,,,,,,,,
5/9/2021,19,H,L,L,G,17.01,,,,,,,,,,,,,,,,,,,,,,,,
5/9/2021,20,H,L,L,G,16.93,,,,,,,,,,,,,,,,,,,,,,,,
5/9/2021,21,H,L,L,G,16.87,,,,,,,,,,,,,,,,,,,,,,,,
5/9/2021,22,L,L,L,P,16.76,,,,,,,,,,,,,,,,,,,,,,,,
5/9/2021,23,L,L,L,P,16.74,,,,,,,,,,,,,,,,,,,,,,,,
5/9/2021,24,L,L,L,P,16.77,,,,,,,,,,,,,,,,,,,,,,,,
5/10/2021,1,H,L,H,P,27.47,20.55,1,0,0,27.11,1,1943.41,,7.913,27.11,7.817060463,650,652.18,1674.85,108.76,18.21,46.87,4.18,0,0,12.89,2.79,1.81,675.75
5/10/2021,2,H,L,H,P,27.44,21.09,1,0,0,27.3,1,1947.06,,7.902,27.3,7.811378759,662,663.57,1679.76,108.32,18.44,46.47,4.19,0,0,12.94,2.79,1.81,687.83
5/10/2021,3,H,L,H,P,27.38,20.73,1,0,0,27.3,1,1957.44,,7.878,27.3,7.782690518,717,719.58,1704.35,102.72,20,43.75,3.92,0,0,13.39,2.64,1.72,745.88
5/10/2021,4,H,H,H,P,27.43,20.59,1,0,0,27.4,1,1972.65,,7.497,27.4,7.412116658,1833,1838.8,1855.04,47.87,50.98,20.23,1.69,0,0,17.28,1.23,0.8,1906.43
5/10/2021,5,H,H,H,P,27.37,20.38,1,0,0,27.4,1,1973.59,,7.506,27.4,7.418145566,1808,1813.81,1854.59,48.45,50.3,20.43,1.71,0,0,17.28,1.25,0.81,1880.51
5/10/2021,6,H,H,H,G,27.35,20.29,1,0,0,27.5,1,1909.23,,7.503,27.5,7.41295194,1772,1777.34,1794.41,46.46,49.18,20.23,1.7,0,0,17.18,1.2,0.78,1843.1
5/10/2021,7,H,H,L,G,17.05,20.2,1,0,0,27.2,1,1267.55,,7.38,27.2,7.302952702,1722,1727.85,1222.86,17.87,50.76,8.03,0.97,0,0,17.01,0.5,0.31,1790.99
5/10/2021,8,H,H,L,G,16.94,20.25,1,0,0,27.5,1,1220.65,,7.337,27.5,7.259243794,1846,1851.62,1181.09,15.72,54.02,7.27,0.9,0,0,16.34,0.44,0.27,1920.53
5/10/2021,9,H,H,L,P,16.89,20.17,1,0,0,27.5,1,1220.67,,7.341,27.5,7.262241045,1834,1839.83,1180.92,15.8,53.69,7.29,0.9,0,0,16.39,0.45,0.27,1908.3
5/10/2021,10,L,L,H,P,27.21,20.14,1,0,0,23.2,1,1957.07,,7.862,23.2,7.817410085,653,655,1719.66,96.07,20.23,42.34,2.95,0,0,13.99,2.44,1.57,673.61
5/10/2021,11,L,L,H,P,27.4,20.05,1,0,0,23.3,1,1954.51,,7.863,23.3,7.81563633,654,655.87,1716.18,96.33,20.18,42.7,2.98,0,0,13.93,2.45,1.57,674.62
5/10/2021,12,L,L,H,P,27.19,20.03,1,0,0,23.3,1,1883.61,,7.849,23.3,7.801555799,654,656.39,1660.28,89.71,20.22,41.06,2.87,0,0,14.08,2.28,1.46,675.16
5/10/2021,13,L,H,H,G,27.32,20.05,1,0,0,23.2,1,1925.72,,7.433,23.2,7.394523765,1838,1843.9,1829.76,38.72,56.91,17.45,1.12,0,0,17.68,0.98,0.63,1896.3
5/10/2021,14,L,H,H,G,27.22,20.12,1,0,0,23.4,1,1957.05,,7.441,23.4,7.400812787,1843,1849.09,1858.09,40.08,56.8,17.69,1.15,0,0,17.75,1.02,0.65,1902.3
5/10/2021,15,L,H,H,G,27.25,20.09,1,0,0,23.4,1,1964.92,,7.43,23.4,7.389693499,1900,1906.69,1867.93,39.31,58.56,17.29,1.12,0,0,17.72,1,0.64,1961.55
5/10/2021,16,L,H,L,G,16.99,19.97,1,0,0,23.3,1,1231.73,,7.29,23.3,7.254309488,1842,1847.64,1197.59,13.52,60.06,6.53,0.62,0,0,15.94,0.37,0.23,1900.77
5/10/2021,17,L,H,L,G,16.97,19.93,1,0,0,23.3,1,1231.24,,7.279,23.3,7.243075436,1891,1897.17,1197.99,13.17,61.68,6.36,0.61,0,0,15.74,0.36,0.22,1951.73
5/10/2021,18,L,H,L,G,16.9,19.93,1,0,0,23.3,1,1222.77,,7.275,23.3,7.239154974,1897,1903.45,1190.08,12.94,61.9,6.26,0.6,0,0,15.66,0.36,0.22,1958.2
5/10/2021,19,H,L,L,G,17.02,20.06,1,0,0,27.2,1,1222.74,,7.734,27.2,7.638304741,737,739.57,1132.48,35.79,21.73,16.6,2.1,0,0,17.28,1.01,0.62,766.6
5/10/2021,20,H,L,L,G,17,20.06,1,0,0,27.3,1,1300.87,,7.79,27.3,7.690668434,690,692.09,1194.52,42.71,20.29,18.56,2.39,0,0,16.89,1.2,0.74,717.53
5/10/2021,21,H,L,L,G,16.98,20.09,1,0,0,27.3,1,1223.39,,7.725,27.3,7.628796224,756,758.32,1134.76,35.16,22.23,16.26,2.07,0,0,17.37,0.99,0.61,786.21
5/10/2021,22,L,L,L,P,16.91,20.03,1,0,0,23.2,1,1212.88,,7.685,23.2,7.642954366,713,715.2,1133.97,31.14,23.32,15.15,1.51,0,0,18.19,0.86,0.52,735.64
5/10/2021,23,L,L,L,P,16.85,20,1,0,0,23.3,1,1216.13,,7.683,23.3,7.639303185,722,724.57,1137.59,31.03,23.57,15,1.5,0,0,18.23,0.86,0.52,745.41
5/10/2021,24,L,L,L,P,16.89,19.94,1,0,0,23.3,1,1278.42,,7.66,23.3,7.61601492,804,806.38,1200.55,31.08,26.23,14.31,1.43,0,0,18.57,0.86,0.52,829.57
5/11/2021,1,H,L,H,P,27.39,,,,,26.8,,,,,,,,,,,,,,,,,,,
5/11/2021,2,H,L,H,P,27.32,,,,,26.8,,,,,,,,,,,,,,,,,,,
5/11/2021,3,H,L,H,P,27.3,,,,,26.8,,,,,,,,,,,,,,,,,,,
5/11/2021,4,H,H,H,P,27.42,,,,,26.9,,,,,,,,,,,,,,,,,,,
5/11/2021,5,H,H,H,P,27.52,,,,,26.8,,,,,,,,,,,,,,,,,,,
5/11/2021,6,H,H,H,G,27.35,,,,,27,,,,,,,,,,,,,,,,,,,
5/11/2021,7,H,H,L,G,17.25,,,,,27,,,,,,,,,,,,,,,,,,,
5/11/2021,8,H,H,L,G,17.18,,,,,27.2,,,,,,,,,,,,,,,,,,,
5/11/2021,9,H,H,L,P,,,,,,,,,,,,,,,,,,,,,,,,,
5/11/2021,10,L,L,H,P,27.19,,,,,23.3,,,,,,,,,,,,,,,,,,,
5/11/2021,11,L,L,H,P,27.19,,,,,23.2,,,,,,,,,,,,,,,,,,,
5/11/2021,12,L,L,H,P,27.19,,,,,23.3,,,,,,,,,,,,,,,,,,,
5/11/2021,13,L,H,H,G,27.22,,,,,23.2,,,,,,,,,,,,,,,,,,,
5/11/2021,14,L,H,H,G,27.21,,,,,23.2,,,,,,,,,,,,,,,,,,,
5/11/2021,15,L,H,H,G,27.21,,,,,23.3,,,,,,,,,,,,,,,,,,,
5/11/2021,16,L,H,L,G,,,,,,,,,,,,,,,,,,,,,,,,,
5/11/2021,17,L,H,L,G,,,,,,,,,,,,,,,,,,,,,,,,,
5/11/2021,18,L,H,L,G,17.1,,,,,23.3,,,,,,,,,,,,,,,,,,,
5/11/2021,19,H,L,L,G,17.25,,,,,26.7,,,,,,,,,,,,,,,,,,,
5/11/2021,20,H,L,L,G,17.16,,,,,27,,,,,,,,,,,,,,,,,,,
5/11/2021,21,H,L,L,G,17.18,,,,,27,,,,,,,,,,,,,,,,,,,
5/11/2021,22,L,L,L,P,17.13,,,,,23.3,,,,,,,,,,,,,,,,,,,
5/11/2021,23,L,L,L,P,17.12,,,,,23.3,,,,,,,,,,,,,,,,,,,
5/11/2021,24,L,L,L,P,17.15,,,,,23.3,,,,,,,,,,,,,,,,,,,
5/12/2021,1,H,L,H,P,27.52,,,,,27.1,,,,,,,,,,,,,,,,,,,
5/12/2021,2,H,L,H,P,27.46,,,,,27.1,,,,,,,,,,,,,,,,,,,
5/12/2021,3,H,L,H,P,27.53,,,,,27,,,,,,,,,,,,,,,,,,,
5/12/2021,4,H,H,H,P,27.56,,,,,27.2,,,,,,,,,,,,,,,,,,,
5/12/2021,5,H,H,H,P,27.45,,,,,27.3,,,,,,,,,,,,,,,,,,,
5/12/2021,6,H,H,H,G,27.4,,,,,27.2,,,,,,,,,,,,,,,,,,,
5/12/2021,7,H,H,L,G,17.4,,,,,27,,,,,,,,,,,,,,,,,,,
5/12/2021,8,H,H,L,G,17.34,,,,,27.2,,,,,,,,,,,,,,,,,,,
5/12/2021,9,H,H,L,P,,,,,,,,,,,,,,,,,,,,,,,,,
5/12/2021,10,L,L,H,P,27.29,,,,,23.1,,,,,,,,,,,,,,,,,,,
5/12/2021,11,L,L,H,P,27.27,,,,,23.1,,,,,,,,,,,,,,,,,,,
5/12/2021,12,L,L,H,P,27.32,,,,,23.1,,,,,,,,,,,,,,,,,,,
5/12/2021,13,L,H,H,G,27.29,,,,,23.1,,,,,,,,,,,,,,,,,,,
5/12/2021,14,L,H,H,G,27.26,,,,,23.1,,,,,,,,,,,,,,,,,,,
5/12/2021,15,L,H,H,G,27.34,,,,,23.2,,,,,,,,,,,,,,,,,,,
5/12/2021,16,L,H,L,G,,,,,,,,,,,,,,,,,,,,,,,,,
5/12/2021,17,L,H,L,G,,,,,,,,,,,,,,,,,,,,,,,,,
5/12/2021,18,L,H,L,G,17.22,,,,,23.1,,,,,,,,,,,,,,,,,,,
5/12/2021,19,H,L,L,G,17.32,,,,,27.3,,,,,,,,,,,,,,,,,,,
5/12/2021,20,H,L,L,G,17.29,,,,,27.3,,,,,,,,,,,,,,,,,,,
5/12/2021,21,H,L,L,G,17.31,,,,,27.3,,,,,,,,,,,,,,,,,,,
5/12/2021,22,L,L,L,P,17.27,,,,,23.1,,,,,,,,,,,,,,,,,,,
5/12/2021,23,L,L,L,P,17.25,,,,,23.1,,,,,,,,,,,,,,,,,,,
5/12/2021,24,L,L,L,P,17.25,,,,,23.1,,,,,,,,,,,,,,,,,,,
5/13/2021,1,H,L,H,P,27.62,,,,,26.9,,,,,,,,,,,,,,,,,,,
5/13/2021,2,H,L,H,P,27.57,,,,,27,,,,,,,,,,,,,,,,,,,
5/13/2021,3,H,L,H,P,27.64,,,,,27,,,,,,,,,,,,,,,,,,,
5/13/2021,4,H,H,H,P,27.74,,,,,27.4,,,,,,,,,,,,,,,,,,,
5/13/2021,5,H,H,H,P,27.49,,,,,27.7,,,,,,,,,,,,,,,,,,,
5/13/2021,6,H,H,H,G,27.53,,,,,27.4,,,,,,,,,,,,,,,,,,,
5/13/2021,7,H,H,L,G,17.6,,,,,26.8,,,,,,,,,,,,,,,,,,,
5/13/2021,8,H,H,L,G,17.46,,,,,27.3,,,,,,,,,,,,,,,,,,,
5/13/2021,9,H,H,L,P,,,,,,,,,,,,,,,,,,,,,,,,,
5/13/2021,10,L,L,H,P,27.37,,,,,23.5,,,,,,,,,,,,,,,,,,,
5/13/2021,11,L,L,H,P,27.37,,,,,23.4,,,,,,,,,,,,,,,,,,,
5/13/2021,12,L,L,H,P,27.44,,,,,23.4,,,,,,,,,,,,,,,,,,,
5/13/2021,13,L,H,H,G,27.39,,,,,23.4,,,,,,,,,,,,,,,,,,,
5/13/2021,14,L,H,H,G,27.32,,,,,23.5,,,,,,,,,,,,,,,,,,,
5/13/2021,15,L,H,H,G,27.46,,,,,23.4,,,,,,,,,,,,,,,,,,,
5/13/2021,16,L,H,L,G,,,,,,,,,,,,,,,,,,,,,,,,,
5/13/2021,17,L,H,L,G,,,,,,,,,,,,,,,,,,,,,,,,,
5/13/2021,18,L,H,L,G,17.29,,,,,23.3,,,,,,,,,,,,,,,,,,,
5/13/2021,19,H,L,L,G,17.43,,,,,26.9,,,,,,,,,,,,,,,,,,,
5/13/2021,20,H,L,L,G,17.36,,,,,27.2,,,,,,,,,,,,,,,,,,,
5/13/2021,21,H,L,L,G,17.4,,,,,27.2,,,,,,,,,,,,,,,,,,,
5/13/2021,22,L,L,L,P,17.26,,,,,23.6,,,,,,,,,,,,,,,,,,,
5/13/2021,23,L,L,L,P,17.28,,,,,23.5,,,,,,,,,,,,,,,,,,,
5/13/2021,24,L,L,L,P,17.29,,,,,23.5,,,,,,,,,,,,,,,,,,,
5/14/2021,1,H,L,H,P,27.76,20.05,1,0,0,27.1,1,1896.93,,7.898,27.1,7.795,669,671.2,1642.9,102.2,18.7,45.5,4,0,0,13.05,2.62,1.7,695.4
5/14/2021,2,H,L,H,P,27.66,20.82,1,0,0,27.2,1,1948.22,,7.891,27.2,7.798,684,685.6,1687,105.8,19.1,45.7,4.1,0,0,13.1,2.71,1.76,710.5
5/14/2021,3,H,L,H,P,27.74,20.52,1,0,0,27.3,1,1996.37,,7.914,27.3,7.815,670,672.5,1719.3,112.7,18.7,47.5,4.3,0,0,12.89,2.89,1.88,697
5/14/2021,4,H,H,H,P,27.98,20.59,1,0,0,27,1,1944.24,,7.51,27,7.429,1722,1727,1823.3,48.9,48.2,21.4,1.7,0,0,17.14,1.25,0.81,1789
5/14/2021,5,H,H,H,P,27.73,20.47,1,0,0,27.3,1,1987.7,,7.5,27.3,7.415,1830,1836.1,1868,48.7,51,20.6,1.7,0,0,17.25,1.25,0.81,1903.2
5/14/2021,6,H,H,H,G,27.6,20.43,1,0,0,27.4,1,1981.19,,7.497,27.4,7.41,1847,1853.1,1863.1,48.1,51.3,20.3,1.7,0,0,17.26,1.24,0.8,1921.3
5/14/2021,7,H,H,L,G,17.61,20.37,1,0,0,27.2,1,1361.02,,7.372,27.2,7.297,1862,1867.8,1313.2,19.3,54.7,8.3,1,0,0,17.03,0.54,0.33,1936.1
5/14/2021,8,H,H,L,G,17.56,20.36,1,0,0,27.4,1,1281.97,,7.34,27.4,7.264,1899,1905.2,1239.5,17,55.5,7.7,0.9,0,0,16.48,0.47,0.29,1975.6
5/14/2021,9,H,H,L,P,,,,,,,,,,,,,,,,,,,,,,,,,
5/14/2021,10,L,L,H,P,27.45,20.24,1,0,0,23.4,1,1943.62,,7.833,23.4,7.787,699,701.3,1718.6,90.8,21.5,40.5,2.8,0,0,14.3,2.31,1.48,721.4
5/14/2021,11,L,L,H,P,27.47,20.26,1,0,0,23.4,1,1996.48,,7.855,23.4,7.809,679,680.9,1755.8,97.7,20.9,42.4,3,0,0,14.05,2.48,1.59,700.5
5/14/2021,12,L,L,H,P,27.49,20.21,1,0,0,23.4,1,1995.47,,7.854,23.4,7.808,681,683.4,1755.6,97.3,21,42.3,3,0,0,14.07,2.47,1.59,703.1
5/14/2021,13,L,H,H,G,27.42,20.15,1,0,0,23.4,1,1990.98,,7.442,23.4,7.402,1866,1872.2,1889.7,41.1,57.5,17.9,1.2,0,0,17.76,1.05,0.67,1926.1
5/14/2021,14,L,H,H,G,27.39,20.12,1,0,0,23.4,1,1997.63,,7.443,23.4,7.403,1870,1876.2,1896,41.3,57.6,17.9,1.2,0,0,17.78,1.05,0.67,1930.2
5/14/2021,15,L,H,H,G,27.55,20.1,1,0,0,23.4,1,2020.28,,7.463,23.4,7.422,1803,1808.6,1912.8,43.7,55.5,18.8,1.2,0,0,17.82,1.11,0.71,1860.7
5/14/2021,16,L,H,L,G,,,,,,,,,,,,,,,,,,,,,,,,,
5/14/2021,17,L,H,L,G,,,,,,,,,,,,,,,,,,,,,,,,,
5/14/2021,18,L,H,L,G,17.41,20.08,1,0,0,23.2,1,1279.15,,7.293,23.2,7.259,1878,1884,1243.1,14.3,61.3,6.8,0.6,0,0,16.08,0.39,0.24,1937.9
5/14/2021,19,H,L,L,G,17.48,20.12,1,0,0,27.3,1,1272.36,,7.757,27.3,7.66,723,725.3,1172.7,39.7,21.2,18.1,2.3,0,0,16.98,1.11,0.68,752
5/14/2021,20,H,L,L,G,17.5,20.12,1,0,0,26.9,1,1274.99,,7.758,26.9,7.666,712,714.4,1175.1,39.8,21.1,18.2,2.2,0,0,17.01,1.11,0.68,740
5/14/2021,21,H,L,L,G,17.53,20.12,1,0,0,27,1,1274.02,,7.752,27,7.659,724,726.4,1175.3,39.3,21.4,18,2.2,0,0,17.06,1.1,0.67,752.7
5/14/2021,22,L,L,L,P,17.51,19.99,1,0,0,23,1,1331.68,,7.72,23,7.679,710,711.8,1238.1,37.4,23.3,17.1,1.6,0,0,18.01,1.02,0.62,731.9
5/14/2021,23,L,L,L,P,17.41,19.99,1,0,0,23.1,1,1272.26,,7.692,23.1,7.651,729,730.9,1187.5,33.6,23.8,16,1.5,0,0,18.13,0.92,0.56,751.7
5/14/2021,24,L,L,L,P,17.4,19.88,1,0,0,23.3,1,1266.65,,7.687,23.3,7.642,742,744.6,1183.3,33,24.2,15.8,1.5,0,0,18.15,0.91,0.55,766
5/15/2021,1,H,L,H,P,27.63,,,,,27.5,,,,,,,,,,,,,,,,,,,
5/15/2021,2,H,L,H,P,27.61,,,,,27.4,,,,,,,,,,,,,,,,,,,
5/15/2021,3,H,L,H,P,27.63,,,,,27.5,,,,,,,,,,,,,,,,,,,
5/15/2021,4,H,H,H,P,27.74,,,,,27.3,,,,,,,,,,,,,,,,,,,
5/15/2021,5,H,H,H,P,27.83,,,,,27.1,,,,,,,,,,,,,,,,,,,
5/15/2021,6,H,H,H,G,28.06,,,,,26.8,,,,,,,,,,,,,,,,,,,
5/15/2021,7,H,H,L,G,17.38,,,,,27.7,,,,,,,,,,,,,,,,,,,
5/15/2021,8,H,H,L,G,17.34,,,,,27.5,,,,,,,,,,,,,,,,,,,
5/15/2021,9,H,H,L,P,,,,,,,,,,,,,,,,,,,,,,,,,
5/15/2021,10,L,L,H,P,27.44,,,,,23.3,,,,,,,,,,,,,,,,,,,
5/15/2021,11,L,L,H,P,27.48,,,,,23.2,,,,,,,,,,,,,,,,,,,
5/15/2021,12,L,L,H,P,27.44,,,,,23.4,,,,,,,,,,,,,,,,,,,
5/15/2021,13,L,H,H,G,27.41,,,,,23.5,,,,,,,,,,,,,,,,,,,
5/15/2021,14,L,H,H,G,27.48,,,,,23.4,,,,,,,,,,,,,,,,,,,
5/15/2021,15,L,H,H,G,27.44,,,,,23.5,,,,,,,,,,,,,,,,,,,
5/15/2021,16,L,H,L,G,,,,,,,,,,,,,,,,,,,,,,,,,
5/15/2021,17,L,H,L,G,,,,,,,,,,,,,,,,,,,,,,,,,
5/15/2021,18,L,H,L,G,17.15,,,,,23.4,,,,,,,,,,,,,,,,,,,
5/15/2021,19,H,L,L,G,17.3,,,,,27.3,,,,,,,,,,,,,,,,,,,
5/15/2021,20,H,L,L,G,17.33,,,,,27.3,,,,,,,,,,,,,,,,,,,
5/15/2021,21,H,L,L,G,17.3,,,,,27.4,,,,,,,,,,,,,,,,,,,
5/15/2021,22,L,L,L,P,17.16,,,,,23.3,,,,,,,,,,,,,,,,,,,
5/15/2021,23,L,L,L,P,17.15,,,,,23.4,,,,,,,,,,,,,,,,,,,
5/15/2021,24,L,L,L,P,17.14,,,,,23.3,,,,,,,,,,,,,,,,,,,
5/16/2021,1,H,L,H,P,27.65,,,,,27,,,,,,,,,,,,,,,,,,,
5/16/2021,2,H,L,H,P,27.67,,,,,27,,,,,,,,,,,,,,,,,,,
5/16/2021,3,H,L,H,P,27.68,,,,,27,,,,,,,,,,,,,,,,,,,
5/16/2021,4,H,H,H,P,27.55,,,,,27.4,,,,,,,,,,,,,,,,,,,
5/16/2021,5,H,H,H,P,27.67,,,,,27.4,,,,,,,,,,,,,,,,,,,
5/16/2021,6,H,H,H,G,27.68,,,,,27.3,,,,,,,,,,,,,,,,,,,
5/16/2021,7,H,H,L,G,17.52,,,,,27.2,,,,,,,,,,,,,,,,,,,
5/16/2021,8,H,H,L,G,17.57,,,,,27.5,,,,,,,,,,,,,,,,,,,
5/16/2021,9,H,H,L,P,,,,,,,,,,,,,,,,,,,,,,,,,
5/16/2021,10,L,L,H,P,27.45,,,,,23.4,,,,,,,,,,,,,,,,,,,
5/16/2021,11,L,L,H,P,27.45,,,,,23.4,,,,,,,,,,,,,,,,,,,
5/16/2021,12,L,L,H,P,27.44,,,,,23.4,,,,,,,,,,,,,,,,,,,
5/16/2021,13,L,H,H,G,27.42,,,,,23.4,,,,,,,,,,,,,,,,,,,
5/16/2021,14,L,H,H,G,27.45,,,,,23.3,,,,,,,,,,,,,,,,,,,
5/16/2021,15,L,H,H,G,27.53,,,,,23.2,,,,,,,,,,,,,,,,,,,
5/16/2021,16,L,H,L,G,,,,,,,,,,,,,,,,,,,,,,,,,
5/16/2021,17,L,H,L,G,,,,,,,,,,,,,,,,,,,,,,,,,
5/16/2021,18,L,H,L,G,17.3,,,,,23.4,,,,,,,,,,,,,,,,,,,
5/16/2021,19,H,L,L,G,17.44,,,,,27.1,,,,,,,,,,,,,,,,,,,
5/16/2021,20,H,L,L,G,17.45,,,,,27,,,,,,,,,,,,,,,,,,,
5/16/2021,21,H,L,L,G,17.45,,,,,27,,,,,,,,,,,,,,,,,,,
5/16/2021,22,L,L,L,P,17.29,,,,,23.4,,,,,,,,,,,,,,,,,,,
5/16/2021,23,L,L,L,P,17.29,,,,,23.4,,,,,,,,,,,,,,,,,,,
5/16/2021,24,L,L,L,P,17.28,,,,,23.3,,,,,,,,,,,,,,,,,,,
5/17/2021,1,H,L,H,P,27.77,20.13,1,0,0,27.4,1,1691.6,,7.851,,7.747,675,677.5,1479.9,83.2,18.8,41.6,3.7,0,0,13.27,2.14,1.39,702.4
5/17/2021,2,H,L,H,P,27.73,20.77,1,0,0,27.4,1,1769.26,,7.85,,7.755,693,695.1,1546.3,88.5,19.2,42.2,3.7,0,0,13.32,2.27,1.48,720.7
5/17/2021,3,H,L,H,P,27.79,20.53,1,0,0,27.3,1,1853.77,,7.888,,7.79,663,665.2,1605.6,99.4,18.5,45.3,4,0,0,12.99,2.55,1.66,689.5
5/17/2021,4,H,H,H,P,27.69,20.64,1,0,0,27.5,1,1958.42,,7.469,,7.385,1942,1947.5,1847,45.2,53.8,19.4,1.6,0,0,17.21,1.16,0.76,2019.6
5/17/2021,5,H,H,H,P,27.92,20.97,1,0,0,27.4,1,2081.44,,7.441,,7.363,2171,2177.5,1969.3,46,60.2,18.7,1.5,0,0,17.32,1.18,0.77,2257.5
5/17/2021,6,H,H,H,G,27.77,20.71,1,0,0,27.5,1,2044.95,,7.493,,7.408,1913,1918.9,1923.1,49.8,53,20.5,1.7,0,0,17.3,1.28,0.83,1989.9
5/17/2021,7,H,H,L,G,17.62,20.59,1,0,0,27.6,1,1260.62,,7.365,,7.288,1763,1768.5,1215.9,17.8,51.3,8.2,1,0,0,16.79,0.5,0.31,1834.7
5/17/2021,8,H,H,L,G,17.66,20.52,1,0,0,27.2,1,1264.46,,7.334,,7.262,1878,1883.6,1222.7,16.6,55.2,7.7,0.9,0,0,16.41,0.46,0.29,1952.4
5/17/2021,9,H,H,L,P,,,,,,,,,,,,,,,,,,,,,,,,,
5/17/2021,10,L,L,H,P,27.62,20.4,1,0,0,23.1,1,1895.38,,7.817,,7.778,696,698.2,1680.1,86.4,21.6,39.8,2.7,0,0,14.37,2.19,1.41,717.9
5/17/2021,11,L,L,H,P,27.56,20.54,1,0,0,23.3,1,1969.98,,7.848,,7.808,671,673.4,1732.8,96,20.7,42.4,2.9,0,0,14.03,2.44,1.56,692.6
5/17/2021,12,L,L,H,P,27.51,20.43,1,0,0,23.4,1,1967.93,,7.848,,7.805,676,678.4,1732,95.5,20.8,42.1,2.9,0,0,14.06,2.43,1.56,697.9
5/17/2021,13,L,H,H,G,27.47,20.35,1,0,0,23.4,1,1972.05,,7.426,,7.389,1908,1913.8,1874.3,39.6,58.7,17.5,1.1,0,0,17.69,1.01,0.65,1968.9
5/17/2021,14,L,H,H,G,27.52,20.25,1,0,0,23.4,1,1970.11,,7.425,,7.387,1915,1921.3,1872.8,39.4,58.9,17.4,1.1,0,0,17.67,1,0.64,1976.5
5/17/2021,15,L,H,H,G,27.52,20.15,1,0,0,23.4,1,1978.53,,7.434,,7.394,1888,1894.4,1879.2,40.3,58.1,17.7,1.1,0,0,17.71,1.02,0.66,1948.9
5/17/2021,16,L,H,L,G,,,,,,,,,,,,,,,,,,,,,,,,,
5/17/2021,17,L,H,L,G,,,,,,,,,,,,,,,,,,,,,,,,,
5/17/2021,18,L,H,L,G,17.36,20.26,1,0,0,23.4,1,1307.15,,7.311,,7.277,1844,1850.4,1268.8,15.3,59.9,7.1,0.7,0,0,16.44,0.42,0.26,1904
5/17/2021,19,H,L,L,G,17.79,20.3,1,0,0,26.4,1,1239.91,,7.756,,7.673,676,678.1,1141.3,38.9,20.2,18.7,2.2,0,0,16.83,1.08,0.66,701.6
5/17/2021,20,H,L,L,G,17.6,20.33,1,0,0,27.2,1,1287.15,,7.788,,7.694,671,673,1179,43.1,19.7,19.5,2.4,0,0,16.59,1.2,0.74,697.6
5/17/2021,21,H,L,L,G,17.45,20.34,1,0,0,27.5,1,1247.91,,7.757,,7.66,709,711.5,1149.2,39.1,20.7,18.1,2.3,0,0,16.87,1.1,0.67,738
5/17/2021,22,L,L,L,P,17.33,20.32,1,0,0,23.4,1,1237.95,,7.661,,7.621,765,767.1,1159.7,30.9,24.8,15,1.5,0,0,18.24,0.85,0.52,789.3
5/17/2021,23,L,L,L,P,17.32,20.23,1,0,0,23.4,1,1241.65,,7.672,,7.63,749,751.6,1161.6,31.6,24.3,15.3,1.5,0,0,18.18,0.87,0.53,773.4
5/17/2021,24,L,L,L,P,17.31,20.23,1,0,0,23.4,1,1306.01,,7.702,,7.66,734,736.1,1217.2,35.4,23.8,16.3,1.6,0,0,18.12,0.97,0.59,757.4
5/18/2021,1,H,L,H,P,27.53,,,,,27.2,,,,,,,,,,,,,,,,,,,
5/18/2021,2,H,L,H,P,27.55,,,,,27.5,,,,,,,,,,,,,,,,,,,
5/18/2021,3,H,L,H,P,27.55,,,,,27.4,,,,,,,,,,,,,,,,,,,
5/18/2021,4,H,H,H,P,27.74,,,,,27.6,,,,,,,,,,,,,,,,,,,
5/18/2021,5,H,H,H,P,27.5,,,,,27.8,,,,,,,,,,,,,,,,,,,
5/18/2021,6,H,H,H,G,27.52,,,,,27.8,,,,,,,,,,,,,,,,,,,
5/18/2021,7,H,H,L,G,17.5,,,,,27.8,,,,,,,,,,,,,,,,,,,
5/18/2021,8,H,H,L,G,17.46,,,,,27.8,,,,,,,,,,,,,,,,,,,
5/18/2021,9,H,H,L,P,,,,,,,,,,,,,,,,,,,,,,,,,
5/18/2021,10,L,L,H,P,,,,,,,,,,,,,,,,,,,,,,,,,
5/18/2021,11,L,L,H,P,,,,,,,,,,,,,,,,,,,,,,,,,
5/18/2021,12,L,L,H,P,,,,,,,,,,,,,,,,,,,,,,,,,
5/18/2021,13,L,H,H,G,,,,,,,,,,,,,,,,,,,,,,,,,
5/18/2021,14,L,H,H,G,,,,,,,,,,,,,,,,,,,,,,,,,
5/18/2021,15,L,H,H,G,,,,,,,,,,,,,,,,,,,,,,,,,
5/18/2021,16,L,H,L,G,,,,,,,,,,,,,,,,,,,,,,,,,
5/18/2021,17,L,H,L,G,,,,,,,,,,,,,,,,,,,,,,,,,
5/18/2021,18,L,H,L,G,,,,,,,,,,,,,,,,,,,,,,,,,
5/18/2021,19,H,L,L,G,17.43,,,,,27,,,,,,,,,,,,,,,,,,,
5/18/2021,20,H,L,L,G,17.36,,,,,27.3,,,,,,,,,,,,,,,,,,,
5/18/2021,21,H,L,L,G,17.41,,,,,27.2,,,,,,,,,,,,,,,,,,,
5/18/2021,22,L,L,L,P,,,,,,,,,,,,,,,,,,,,,,,,,
5/18/2021,23,L,L,L,P,,,,,,,,,,,,,,,,,,,,,,,,,
5/18/2021,24,L,L,L,P,,,,,,,,,,,,,,,,,,,,,,,,,
5/19/2021,1,H,L,H,P,27.77,,,,,27.3,,,,,,,,,,,,,,,,,,,
5/19/2021,2,H,L,H,P,27.59,,,,,27.8,,,,,,,,,,,,,,,,,,,
5/19/2021,3,H,L,H,P,27.64,,,,,27.7,,,,,,,,,,,,,,,,,,,
5/19/2021,4,H,H,H,P,27.66,,,,,27.8,,,,,,,,,,,,,,,,,,,
5/19/2021,5,H,H,H,P,27.54,,,,,28,,,,,,,,,,,,,,,,,,,
5/19/2021,6,H,H,H,G,27.58,,,,,27.9,,,,,,,,,,,,,,,,,,,
5/19/2021,7,H,H,L,G,17.69,,,,,28,,,,,,,,,,,,,,,,,,,
5/19/2021,8,H,H,L,G,17.7,,,,,27.9,,,,,,,,,,,,,,,,,,,
5/19/2021,9,H,H,L,P,,,,,,,,,,,,,,,,,,,,,,,,,
5/19/2021,10,L,L,H,P,,,,,,,,,,,,,,,,,,,,,,,,,
5/19/2021,11,L,L,H,P,,,,,,,,,,,,,,,,,,,,,,,,,
5/19/2021,12,L,L,H,P,,,,,,,,,,,,,,,,,,,,,,,,,
5/19/2021,13,L,H,H,G,,,,,,,,,,,,,,,,,,,,,,,,,
5/19/2021,14,L,H,H,G,,,,,,,,,,,,,,,,,,,,,,,,,
5/19/2021,15,L,H,H,G,,,,,,,,,,,,,,,,,,,,,,,,,
5/19/2021,16,L,H,L,G,,,,,,,,,,,,,,,,,,,,,,,,,
5/19/2021,17,L,H,L,G,,,,,,,,,,,,,,,,,,,,,,,,,
5/19/2021,18,L,H,L,G,,,,,,,,,,,,,,,,,,,,,,,,,
5/19/2021,19,H,L,L,G,17.58,,,,,27.4,,,,,,,,,,,,,,,,,,,
5/19/2021,20,H,L,L,G,17.63,,,,,27.4,,,,,,,,,,,,,,,,,,,
5/19/2021,21,H,L,L,G,17.58,,,,,27.4,,,,,,,,,,,,,,,,,,,
5/19/2021,22,L,L,L,P,,,,,,,,,,,,,,,,,,,,,,,,,
5/19/2021,23,L,L,L,P,,,,,,,,,,,,,,,,,,,,,,,,,
5/19/2021,24,L,L,L,P,,,,,,,,,,,,,,,,,,,,,,,,,
5/20/2021,1,H,L,H,P,27.56,,,,,27.2,,,,,,,,,,,,,,,,,,,
5/20/2021,2,H,L,H,P,27.52,,,,,27.1,,,,,,,,,,,,,,,,,,,
5/20/2021,3,H,L,H,P,27.64,,,,,27,,,,,,,,,,,,,,,,,,,
5/20/2021,4,H,H,H,P,28.08,,,,,26.8,,,,,,,,,,,,,,,,,,,
5/20/2021,5,H,H,H,P,27.53,,,,,27,,,,,,,,,,,,,,,,,,,
5/20/2021,6,H,H,H,G,27.51,,,,,27,,,,,,,,,,,,,,,,,,,
5/20/2021,7,H,H,L,G,17.81,,,,,27.1,,,,,,,,,,,,,,,,,,,
5/20/2021,8,H,H,L,G,17.8,,,,,27,,,,,,,,,,,,,,,,,,,
5/20/2021,9,H,H,L,P,,,,,,,,,,,,,,,,,,,,,,,,,
5/20/2021,10,L,L,H,P,,,,,,,,,,,,,,,,,,,,,,,,,
5/20/2021,11,L,L,H,P,,,,,,,,,,,,,,,,,,,,,,,,,
5/20/2021,12,L,L,H,P,,,,,,,,,,,,,,,,,,,,,,,,,
5/20/2021,13,L,H,H,G,,,,,,,,,,,,,,,,,,,,,,,,,
5/20/2021,14,L,H,H,G,,,,,,,,,,,,,,,,,,,,,,,,,
5/20/2021,15,L,H,H,G,,,,,,,,,,,,,,,,,,,,,,,,,
5/20/2021,16,L,H,L,G,,,,,,,,,,,,,,,,,,,,,,,,,
5/20/2021,17,L,H,L,G,,,,,,,,,,,,,,,,,,,,,,,,,
5/20/2021,18,L,H,L,G,,,,,,,,,,,,,,,,,,,,,,,,,
5/20/2021,19,H,L,L,G,17.55,,,,,27,,,,,,,,,,,,,,,,,,,
5/20/2021,20,H,L,L,G,17.62,,,,,27,,,,,,,,,,,,,,,,,,,
5/20/2021,21,H,L,L,G,17.59,,,,,26.9,,,,,,,,,,,,,,,,,,,
5/20/2021,22,L,L,L,P,,,,,,,,,,,,,,,,,,,,,,,,,
5/20/2021,23,L,L,L,P,,,,,,,,,,,,,,,,,,,,,,,,,
5/20/2021,24,L,L,L,P,,,,,,,,,,,,,,,,,,,,,,,,,
5/21/2021,1,H,L,H,P,27.7,20.51,1,0,0,26.8,1,1345.13,1287.751177,,,,,,,,,,,,,,,,
5/21/2021,2,H,L,H,P,27.61,20.96,1,0,0,26.9,1,1279.22,1238.906025,,,,,,,,,,,,,,,,
5/21/2021,3,H,L,H,P,27.66,20.74,1,0,0,26.8,1,1784.92,1679.833046,,,,,,,,,,,,,,,,
5/21/2021,4,H,H,H,P,27.94,20.65,1,0,0,26.8,1,1764.78,1754.220046,,,,,,,,,,,,,,,,
5/21/2021,5,H,H,H,P,27.47,20.42,1,0,0,27.1,1,1822.46,1827.558023,,,,,,,,,,,,,,,,
5/21/2021,6,H,H,H,G,27.48,20.53,1,0,0,26.9,1,1642.9,1650.600886,,,,,,,,,,,,,,,,
5/21/2021,7,H,H,L,G,17.79,20.46,1,0,0,27,1,1997.51,1986.353943,,,,,,,,,,,,,,,,
5/21/2021,8,H,H,L,G,17.72,20.31,1,0,0,27,1,1980.17,1979.666419,,,,,,,,,,,,,,,,
5/21/2021,9,H,H,L,P,,,,,,,,,,,,,,,,,,,,,,,,,
5/21/2021,10,L,L,H,P,,,,,,,,,,,,,,,,,,,,,,,,,
5/21/2021,11,L,L,H,P,,,,,,,,,,,,,,,,,,,,,,,,,
5/21/2021,12,L,L,H,P,,,,,,,,,,,,,,,,,,,,,,,,,
5/21/2021,13,L,H,H,G,,,,,,,,,,,,,,,,,,,,,,,,,
5/21/2021,14,L,H,H,G,,,,,,,,,,,,,,,,,,,,,,,,,
5/21/2021,15,L,H,H,G,,,,,,,,,,,,,,,,,,,,,,,,,
5/21/2021,16,L,H,L,G,,,,,,,,,,,,,,,,,,,,,,,,,
5/21/2021,17,L,H,L,G,,,,,,,,,,,,,,,,,,,,,,,,,
5/21/2021,18,L,H,L,G,,,,,,,,,,,,,,,,,,,,,,,,,
5/21/2021,19,H,L,L,G,17.56,20.47,1,0,0,26.7,1,1336.29,1299.936708,,,,,,,,,,,,,,,,
5/21/2021,20,H,L,L,G,17.65,20.44,1,0,0,26.8,1,1321.29,1349.484333,,,,,,,,,,,,,,,,
5/21/2021,21,H,L,L,G,17.6,20.44,1,0,0,26.8,1,1431.71,1367.336463,,,,,,,,,,,,,,,,
5/21/2021,22,L,L,L,P,,,,,,,,,,,,,,,,,,,,,,,,,
5/21/2021,23,L,L,L,P,,,,,,,,,,,,,,,,,,,,,,,,,
5/21/2021,24,L,L,L,P,,,,,,,,,,,,,,,,,,,,,,,,,
