"Cvirginica_TranscriptID","log2FoldChange","padj","Dir","Effect","time","Cgigas_KEGGID","Cgigas_Protein_name","Cgigas_length","Cvirginica_GeneID","Cvirginica_Protein_name","Annotation_GO_ID","Cvirginica_length"
"XM_022430391.1",2.83687898240673,1.21773791759723e-21,"up","Day2_Salinity","d2_larva","crg:105320009"," apolipoprotein D",179,"LOC111099048"," apolipoprotein D-like","GO:0003674",183
"XM_022430391.1",1.32811060457865,0.000194544037980966,"up","Day2_OA","d2_larva","crg:105320009"," apolipoprotein D",179,"LOC111099048"," apolipoprotein D-like","GO:0003674",183
"XM_022430529.1",0.58924432053373,0.0141415769363268,"up","Day2_Salinity","d2_larva","crg:105340512"," glyceraldehyde-3-phosphate dehydrogenase",336,"LOC111099143"," glyceraldehyde-3-phosphate dehydrogenase-like","GO:0005975;GO:0016491;GO:0044281",335
"XM_022430583.1",1.32445601440832,6.2889050058473e-06,"up","Day2_Salinity","d2_larva","crg:105339679"," leucine-rich repeat extensin-like protein 6",132,"LOC111099173"," submaxillary gland androgen-regulated protein 3B-like","",131
"XM_022430583.1",-0.87924571207873,0.0222158154307533,"down","Day2_OA","d2_larva","crg:105339679"," leucine-rich repeat extensin-like protein 6",132,"LOC111099173"," submaxillary gland androgen-regulated protein 3B-like","",131
"XM_022430605.1",0.816937412135414,0.000881608255829163,"up","Day2_Salinity","d2_larva","crg:105341623"," uncharacterized protein",731,"LOC111099194"," uncharacterized","",775
"XM_022430770.1",-4.57806926623481,3.05501079693145e-09,"down","Day2_Salinity","d2_larva","crg:105340652"," cystatin-A3",126,"LOC111099480"," cystatin-A-like","GO:0005622;GO:0030234",123
"XM_022430770.1",-5.22690802451115,2.53637761686466e-11,"down","Day2_OA","d2_larva","crg:105340652"," cystatin-A3",126,"LOC111099480"," cystatin-A-like","GO:0005622;GO:0030234",123
"XM_022430793.1",-4.02278477523123,0.0140860347442491,"down","Day2_Salinity","d2_larva","crg:105341416"," cystatin-A2",100,"LOC111099493"," cystatin-A-like","GO:0005622;GO:0030234",123
"XM_022431236.1",-1.27959308140363,0.000997672210302192,"down","Day2_Salinity","d2_larva","crg:105324661"," trichohyalin",315,"LOC111099780"," trichohyalin-like","GO:0007010",317
"XM_022432354.1",-1.72080647748731,4.35591788512418e-15,"down","Day2_Salinity","d2_larva","crg:105337795"," uncharacterized protein",228,"LOC111100448"," uncharacterized","",291
"XM_022432355.1",-1.54781771532965,1.868319278711e-08,"down","Day2_Salinity","d2_larva","crg:105337795"," uncharacterized protein",228,"LOC111100449"," uncharacterized","",291
"XM_022432474.1",0.652063225131393,0.0440826511759513,"up","Day2_Salinity","d2_larva","crg:105320161"," taurocyamine kinase",742,"LOC111100516"," taurocyamine kinase-like","GO:0016301",739
"XM_022432560.1",25.8108655075473,1.2774789969315e-06,"up","Day2_Salinity","d2_larva","crg:105326071"," probable ubiquitin carboxyl-terminal hydrolase FAF-X",1241,"LOC111100561"," probable ubiquitin carboxyl-terminal hydrolase FAF-X","GO:0006464;GO:0008233;GO:0009056",2550
"XM_022432560.1",23.9950086451269,2.19434948864646e-05,"up","Day2_OA","d2_larva","crg:105326071"," probable ubiquitin carboxyl-terminal hydrolase FAF-X",1241,"LOC111100561"," probable ubiquitin carboxyl-terminal hydrolase FAF-X","GO:0006464;GO:0008233;GO:0009056",2550
"XM_022432574.1",-0.851383429185924,0.00333820803324876,"down","Day2_OA","d2_larva","crg:105321179"," complexin isoform X1",164,"LOC111100568"," complexin-like","GO:0003674;GO:0006810",161
"XM_022432657.1",0.912651497453158,0.00726379327620842,"up","Day2_Salinity","d2_larva","crg:105334836"," cytochrome P450 26A1",531,"LOC111100601"," cytochrome P450 26A1-like","GO:0016491;GO:0043167",530
"XM_022432928.1",-1.17595825095083,0.00231920540242923,"down","Day2_Salinity","d2_larva","crg:105333480"," uncharacterized protein",136,"LOC111100810"," zinc finger protein Gfi-1b-like","GO:0002376;GO:0003674;GO:0006464;GO:0009058;GO:0034641;GO:0048856;GO:0051276",524
"XM_022433066.1",-1.43148512437048,1.16060907810296e-05,"down","Day2_Salinity","d2_larva","crg:105335854"," uncharacterized protein",344,"LOC111100898"," uncharacterized","",337
"XM_022435005.1",-1.42171250651415,1.11432746795713e-05,"down","Day2_Salinity","d2_larva","crg:105331904"," uncharacterized protein",236,"LOC111102334"," uncharacterized","",298
"XM_022435131.1",0.739759866640226,0.0212330744303893,"up","Day2_Salinity","d2_larva","crg:105337943"," CUGBP Elav-like family member 3-B isoform X1",575,"LOC111102426"," CUGBP Elav-like family member 2","GO:0003674",622
"XM_022435292.1",1.14268706185326,0.0306008225160368,"up","Day2_OA","d2_larva","crg:105348032"," uncharacterized protein",263,"LOC111102506"," uncharacterized","",261
"XM_022435292.1",-1.22150006895729,0.00684333224143573,"down","Day2_Salinity","d2_larva","crg:105348032"," uncharacterized protein",263,"LOC111102506"," uncharacterized","",261
"XM_022435436.1",-17.3733325681765,3.6504788225902e-20,"down","Day2_Salinity","d2_larva","crg:105319543"," uncharacterized protein",130,"LOC111102617"," uncharacterized","",140
"XM_022435546.1",-1.37371645093182,0.000139478652125602,"down","Day2_Salinity","d2_larva","crg:105320586"," mitochondrial sodium/hydrogen exchanger 9B2",582,"LOC111102695"," sodium/hydrogen exchanger 9B2-like","GO:0005575;GO:0022857;GO:0042592",581
"XM_022436740.1",-1.8049226558081,5.3222094045105e-17,"down","Day2_Salinity","d2_larva","crg:105344949"," uncharacterized protein",176,"LOC111103455"," uncharacterized","",174
"XM_022438365.1",0.636377257244495,0.00584391344478036,"up","Day2_OA","d2_larva","crg:105348917"," uncharacterized protein",369,"LOC111104426"," uncharacterized","",368
"XM_022439538.1",-14.1334753163943,2.75428881940364e-11,"down","Day2_Salinity","d2_larva","crg:105340808"," uncharacterized protein",113,"LOC111105317"," uncharacterized","",140
"XM_022439873.1",0.83141842381359,0.000316020168402856,"up","Day2_Salinity","d2_larva","crg:105341857"," APOBEC1 complementation factor-like isoform X1",306,"LOC111105526"," heterogeneous nuclear ribonucleoprotein R-like","GO:0003674",623
"XM_022440140.1",-1.03831469993083,0.0130557639687725,"down","Day2_Salinity","d2_larva","crg:105323306"," uncharacterized protein",258,"LOC111105758"," uncharacterized","",285
"XM_022440140.1",-3.01260643900175,3.39986515993143e-20,"down","Day2_OA","d2_larva","crg:105323306"," uncharacterized protein",258,"LOC111105758"," uncharacterized","",285
"XM_022440819.1",0.417356904256427,0.0498115361808653,"up","Day2_Salinity","d2_larva","crg:105348787"," uncharacterized protein",239,"LOC111106232"," uncharacterized","GO:0003674;GO:0005576;GO:0008150",274
"XM_022441314.1",1.61065557636336,0.0100202436728115,"up","Day2_Salinity","d2_larva","crg:105331951"," uncharacterized protein",106,"LOC111106582"," survival motor neuron protein-like","",175
"XM_022441907.1",-1.26879636454926,0.0217895612330332,"down","Day2_Salinity","d2_larva","crg:105336351"," major egg antigen isoform X3",204,"LOC111106983"," alpha-crystallin A chain-like","",206
"XM_022442111.1",-0.787140925555214,0.00470471255179094,"down","Day2_Salinity","d2_larva","crg:105319414"," uncharacterized protein",226,"LOC111107116"," uncharacterized","",224
"XM_022442111.1",-0.901948895884342,0.00131285350881012,"down","Day2_OA","d2_larva","crg:105319414"," uncharacterized protein",226,"LOC111107116"," uncharacterized","",224
"XM_022442390.1",0.599537239802216,0.0223579968431531,"up","Day2_Salinity","d2_larva","crg:105332764"," calcium-binding mitochondrial carrier protein SCaMC-2 isoform X1",175,"LOC111107274"," phosphate carrier protein, mitochondrial-like","GO:0022857",350
"XM_022442765.1",0.985266762164078,0.0237313151192624,"up","Day2_Salinity","d2_larva","crg:105333883"," selenide, water dikinase",316,"LOC111107520"," selenide, water dikinase-like","GO:0006520;GO:0009058;GO:0016301;GO:0043167",315
"XM_022442837.1",23.8960475105148,2.83084460217626e-07,"up","Day2_OA","d2_larva","crg:105323040"," cyclin-dependent kinase 16 isoform X1",537,"LOC111107574"," cyclin-dependent kinase 17-like","GO:0006464;GO:0016301;GO:0043167",536
"XM_022442837.1",23.1043699008569,2.86093125504447e-07,"up","Day2_Salinity","d2_larva","crg:105323040"," cyclin-dependent kinase 16 isoform X1",537,"LOC111107574"," cyclin-dependent kinase 17-like","GO:0006464;GO:0016301;GO:0043167",536
"XM_022443093.1",-2.31003952851839,1.00327799401726e-09,"down","Day2_OA","d2_larva","crg:105341416"," cystatin-A2",104,"LOC111107749"," cystatin-A-like","",141
"XM_022443093.1",-2.26190067064458,7.4404555728085e-10,"down","Day2_Salinity","d2_larva","crg:105341416"," cystatin-A2",104,"LOC111107749"," cystatin-A-like","",141
"XM_022443094.1",-1.71108838545166,4.46534697598949e-05,"down","Day2_OA","d2_larva","crg:105340650"," cystatin-A3",117,"LOC111107750"," cystatin-A1-like","GO:0005622;GO:0030234",125
"XM_022443094.1",-1.78447634797402,6.70753231901549e-06,"down","Day2_Salinity","d2_larva","crg:105340650"," cystatin-A3",117,"LOC111107750"," cystatin-A1-like","GO:0005622;GO:0030234",125
"XM_022443096.1",-1.87504077506416,0.0349204213536372,"down","Day2_OA","d2_larva","crg:109620163"," cystatin-A-like",122,"LOC111107753"," cystatin-A-like","GO:0005622;GO:0030234",123
"XM_022443584.1",0.73057704318492,0.00209811872023988,"up","Day2_Salinity","d2_larva","crg:105336729"," potassium voltage-gated channel protein Shal isoform X1",650,"LOC111108064"," potassium voltage-gated channel protein Shal-like","GO:0005886;GO:0022857;GO:0032991;GO:0065003",642
"XM_022444355.1",1.19930764968291,2.34256537960457e-05,"up","Day2_Salinity","d2_larva","crg:105345997"," periostin",293,"LOC111108454"," transforming growth factor-beta-induced protein ig-h3-like","",311
"XM_022444419.1",-0.522925812795628,0.0440826511759513,"down","Day2_Salinity","d2_larva","crg:105326055"," meiosis expressed gene 1 protein homolog",95,"LOC111108491"," meiosis expressed gene 1 protein homolog","GO:0005634",94
"XM_022444763.1",-1.20883627002156,0.0251798599466512,"down","Day2_Salinity","d2_larva","crg:105327436"," universal stress protein PHOS34",155,"LOC111108723"," universal stress protein Sll1388-like","",177
"XM_022444791.1",-0.764781289616565,0.0150093575620508,"down","Day2_Salinity","d2_larva","crg:105329442"," translocon-associated protein subunit delta",175,"LOC111108737"," translocon-associated protein subunit delta-like","GO:0005783",174
"XM_022445310.1",12.7816788887549,1.22516237127498e-05,"up","Day2_Salinity","d2_larva","crg:105322211"," uncharacterized protein",61,"LOC111109225"," bifunctional endo-1,4-beta-xylanase XylA-like","",263
"XM_022445552.1",-0.87405334993904,2.63573306394957e-06,"down","Day2_OA","d2_larva","crg:105322271"," transforming growth factor-beta-induced protein ig-h3",304,"LOC111109444"," transforming growth factor-beta-induced protein ig-h3-like","",288
"XM_022445819.1",-0.715090071750134,0.0131949371538917,"down","Day2_Salinity","d2_larva","crg:105318596"," epididymal secretory protein E1-like isoform X1",144,"LOC111109623"," epididymal secretory protein E1-like","",145
"XM_022445819.1",1.2685454599917,2.78125873673892e-07,"up","Day2_OA","d2_larva","crg:105318596"," epididymal secretory protein E1-like isoform X1",144,"LOC111109623"," epididymal secretory protein E1-like","",145
"XM_022446844.1",1.14605453074695,0.00146144639695017,"up","Day2_Salinity","d2_larva","crg:105333883"," selenide, water dikinase",316,"LOC111110368"," selenide, water dikinase-like","GO:0006520;GO:0009058;GO:0016301;GO:0043167",315
"XM_022446971.1",8.38915492043267,0.00584391344478036,"up","Day2_OA","d2_larva","crg:105329936"," lipoma HMGIC fusion partner-like 3 protein isoform X1",204,"LOC111110467"," lipoma HMGIC fusion partner-like 3 protein","",264
"XM_022446971.1",9.12947918612681,0.000768290567448872,"up","Day2_Salinity","d2_larva","crg:105329936"," lipoma HMGIC fusion partner-like 3 protein isoform X1",204,"LOC111110467"," lipoma HMGIC fusion partner-like 3 protein","",264
"XM_022447007.1",0.738710260356166,0.0131949371538917,"up","Day2_Salinity","d2_larva","crg:105346800"," uncharacterized protein",111,"LOC111110492"," uncharacterized","",140
"XM_022447051.1",8.75645708547398,0.000346981923613615,"up","Day2_Salinity","d2_larva","crg:105345305"," uncharacterized protein",168,"LOC111110517"," universal stress protein in QAH/OAS sulfhydrylase 3'region-like","",168
"XM_022447051.1",6.66698881929325,0.0336550051744069,"up","Day2_OA","d2_larva","crg:105345305"," uncharacterized protein",168,"LOC111110517"," universal stress protein in QAH/OAS sulfhydrylase 3'region-like","",168
"XM_022447183.1",-1.02498704311316,0.0333442076281272,"down","Day2_Salinity","d2_larva","crg:105331904"," uncharacterized protein",237,"LOC111110610"," uncharacterized","",271
"XM_022447249.1",1.10932681111508,0.0423083254576548,"up","Day2_Salinity","d2_larva","crg:105342946"," multimerin-2-like",171,"LOC111110657"," complement C1q tumor necrosis factor-related protein 4-like","GO:0003674",470
"XM_022447314.1",-0.923282766409623,6.29686532660606e-05,"down","Day2_Salinity","d2_larva","crg:105338950"," uncharacterized protein",412,"LOC111110719"," uncharacterized","",407
"XM_022447377.1",-1.21110680445249,0.0072951815431019,"down","Day2_Salinity","d2_larva","crg:105325533"," caveolin-1 isoform X1",123,"LOC111110760"," caveolin-1-like","GO:0007009;GO:0022607",130
"XM_022447453.1",-1.95260478967207,1.52370954766802e-06,"down","Day2_Salinity","d2_larva","crg:105335871"," uncharacterized protein",326,"LOC111110826"," polyenoic fatty acid isomerase-like","GO:0016491",540
"XM_022448020.1",-1.27635959042837,0.0184000656178073,"down","Day2_Salinity","d2_larva","crg:105339773"," neo-calmodulin-like",136,"LOC111111190"," calmodulin, striated muscle-like","GO:0043167",142
"XM_022448351.1",-9.61011989530665,0.000118990016626207,"down","Day2_Salinity","d2_larva","crg:105318005"," pyridoxal 5'-phosphate synthase subunit SNZERR",330,"LOC111111393"," pyridoxal 5'-phosphate synthase subunit PdxS-like","GO:0003674;GO:0009058;GO:0034641;GO:0044281;GO:0051186",329
"XM_022449084.1",8.72549429694006,0.0327435566576153,"up","Day2_Salinity","d2_larva","crg:109620508"," fatty acid-binding protein homolog 9-like",108,"LOC111111890"," fatty acid-binding protein-like","GO:0008289",140
"XM_022449347.1",-1.27458563367366,0.00860998794404454,"down","Day2_OA","d2_larva","crg:105342907"," uncharacterized protein",253,"LOC111112047"," uncharacterized","",251
"XM_022449911.1",-0.963931686915604,0.000807725846125715,"down","Day2_OA","d2_larva","crg:105325166"," uncharacterized protein",117,"LOC111112419"," uncharacterized","",128
"XM_022450137.1",-1.81585443040658,1.61289081735304e-07,"down","Day2_Salinity","d2_larva","crg:105318913"," uncharacterized protein",236,"LOC111112586"," uncharacterized","",298
"XM_022450957.1",1.99933797937159,1.1092863324024e-14,"up","Day2_Salinity","d2_larva","crg:105345948"," cathepsin L1-like isoform X1",312,"LOC111113026"," cathepsin L1-like","GO:0008233",331
"XM_022450958.1",0.881460735971775,0.00202105704459491,"up","Day2_Salinity","d2_larva","crg:105345949"," uncharacterized protein",323,"LOC111113028"," cathepsin L1-like","GO:0008233",330
"XM_022450959.1",1.28477544033594,0.0134141353426906,"up","Day2_Salinity","d2_larva","crg:105339566"," dipeptidyl peptidase 1",290,"LOC111113029"," cathepsin L1-like","GO:0008233",328
"XM_022451290.1",-1.30224131692522,9.82293364405267e-08,"down","Day2_OA","d2_larva","crg:105346763"," eppin-like isoform X2",57,"LOC111113197"," tissue factor pathway inhibitor-like","GO:0030234",389
"XM_022451405.1",-1.2373081679436,3.09527883458669e-05,"down","Day2_Salinity","d2_larva","crg:105328176"," uncharacterized protein",196,"LOC111113279"," DBF4-type zinc finger-containing protein 2 homolog","",195
"XM_022451409.1",10.2507701498358,0.000346981923613615,"up","Day2_Salinity","d2_larva","crg:105349106"," uncharacterized protein",142,"LOC111113282"," uncharacterized","GO:0043167",145
"XM_022451779.1",-0.941417109062081,0.011498501460751,"down","Day2_Salinity","d2_larva","crg:105319434"," uncharacterized protein",67,"LOC111113480"," uncharacterized","",286
"XM_022451779.1",-1.21559157877004,0.000590866337329785,"down","Day2_OA","d2_larva","crg:105319434"," uncharacterized protein",67,"LOC111113480"," uncharacterized","",286
"XM_022452982.1",1.50128826460856,0.000997672210302192,"up","Day2_Salinity","d2_larva","crg:105317444"," uncharacterized protein",319,"LOC111114602"," uncharacterized","",563
"XM_022453418.1",1.50359052625004,0.0100202436728115,"up","Day2_Salinity","d2_larva","crg:105333086"," uncharacterized protein",144,"LOC111114890"," uncharacterized","",165
"XM_022453908.1",1.53904013555454,0.0152133241674652,"up","Day2_Salinity","d2_larva","crg:105334201"," uncharacterized protein",137,"LOC111115242"," uncharacterized","",335
"XM_022454008.1",5.82914699986082,0.049769572806946,"up","Day2_Salinity","d2_larva","crg:105329686"," transcription initiation factor IIA subunit 2",108,"LOC111115325"," transcription initiation factor IIA subunit 2-like","GO:0005654;GO:0009058;GO:0032991;GO:0034641",107
"XM_022454013.1",1.05824844691212,0.00293221019102418,"up","Day2_Salinity","d2_larva","crg:105341499"," uncharacterized protein",312,"LOC111115327"," uncharacterized","GO:0005575",317
"XM_022454105.1",-0.667174231551667,0.0306008225160368,"down","Day2_OA","d2_larva","crg:105329034"," transforming growth factor-beta-induced protein ig-h3",142,"LOC111115388"," transforming growth factor-beta-induced protein ig-h3-like","",288
"XM_022454115.1",-1.19657358176207,2.82608077812941e-09,"down","Day2_Salinity","d2_larva","crg:105321169"," uncharacterized protein",103,"LOC111115396"," uncharacterized","",125
"XM_022454378.1",-1.39695827469843,0.000190841211878943,"down","Day2_OA","d2_larva","crg:105330815"," uncharacterized protein",186,"LOC111115588"," uncharacterized","GO:0030234",190
"XM_022454378.1",-1.26296442710929,0.000610112570618538,"down","Day2_Salinity","d2_larva","crg:105330815"," uncharacterized protein",186,"LOC111115588"," uncharacterized","GO:0030234",190
"XM_022454447.1",-1.14975483636846,0.0440826511759513,"down","Day2_Salinity","d2_larva","crg:105346245"," uncharacterized protein",199,"LOC111115630"," uncharacterized","",192
"XM_022454702.1",-0.704232801452163,0.0334546491845691,"down","Day2_OA","d2_larva","crg:105326721"," mantle protein isoform X1",244,"LOC111115840"," mantle protein-like","",345
"XM_022455052.1",7.82730392436445,2.4798988023245e-07,"up","Day2_OA","d2_larva","crg:105325247"," phosphoserine aminotransferase",372,"LOC111116065"," phosphoserine aminotransferase-like","GO:0003674;GO:0006520;GO:0009058;GO:0034641",374
"XM_022455052.1",-8.13437231867331,1.62123447453507e-08,"down","Day2_Salinity","d2_larva","crg:105325247"," phosphoserine aminotransferase",372,"LOC111116065"," phosphoserine aminotransferase-like","GO:0003674;GO:0006520;GO:0009058;GO:0034641",374
"XM_022455688.1",1.48373900184062,0.000412581915218562,"up","Day2_Salinity","d2_larva","crg:105341287"," uncharacterized protein",208,"LOC111116698"," uncharacterized","GO:0016491",225
"XM_022456073.1",-2.51709870266136,2.44620242644323e-05,"down","Day2_Salinity","d2_larva","crg:105346761"," eppin-like isoform X2",205,"LOC111117016"," eppin-like","GO:0005576;GO:0030234",234
"XM_022456073.1",2.02492705670345,0.00336428773539323,"up","Day2_OA","d2_larva","crg:105346761"," eppin-like isoform X2",205,"LOC111117016"," eppin-like","GO:0005576;GO:0030234",234
"XM_022456074.1",1.92761397209392,0.00953780618987018,"up","Day2_OA","d2_larva","crg:105326047"," zonadhesin",110,"LOC111117016"," eppin-like","GO:0005576;GO:0030234",234
"XM_022456074.1",-3.07544530069608,1.53004383967447e-07,"down","Day2_Salinity","d2_larva","crg:105326047"," zonadhesin",110,"LOC111117016"," eppin-like","GO:0005576;GO:0030234",234
"XM_022456293.1",-1.35335967841425,0.000108964379620701,"down","Day2_Salinity","d2_larva","crg:109620235"," uncharacterized LOC109620235",42,"LOC111117222"," acanthoscurrin-2-like","",167
"XM_022457269.1",0.886952960775446,5.58625634344933e-05,"up","Day2_Salinity","d2_larva","crg:105326368"," serine/threonine-protein kinase PLK4 isoform X1",283,"LOC111118004"," MAP kinase-interacting serine/threonine-protein kinase 1-like","GO:0006464;GO:0016301;GO:0043167",491
"XM_022457546.1",-9.14818857034928,0.0109749575194388,"down","Day2_Salinity","d2_larva","crg:105348479"," very low-density lipoprotein receptor",78,"LOC111118209"," low-density lipoprotein receptor-like","GO:0003674",105
"XM_022457826.1",1.29476139253752,0.00774332942458281,"up","Day2_Salinity","d2_larva","crg:105320251"," PDZ and LIM domain protein 7",191,"LOC111118385"," PDZ and LIM domain protein Zasp-like","GO:0003674",599
"XM_022458055.1",0.771052436585309,0.00235382139809,"up","Day2_Salinity","d2_larva","crg:105335781"," protein N-terminal asparagine amidohydrolase isoform X1",312,"LOC111118541"," protein N-terminal asparagine amidohydrolase-like","GO:0006520;GO:0016810;GO:0034641",311
"XM_022458266.1",-0.672426279242344,0.0352909271885642,"down","Day2_OA","d2_larva","crg:105335083"," uncharacterized protein",272,"LOC111118689"," uncharacterized","",637
"XM_022458978.1",-1.76949635826977,0.000461395151263575,"down","Day2_Salinity","d2_larva","crg:105348059"," uncharacterized protein",146,"LOC111119122"," uncharacterized","",139
"XM_022458978.1",1.59502039646396,0.00523687548358508,"up","Day2_OA","d2_larva","crg:105348059"," uncharacterized protein",146,"LOC111119122"," uncharacterized","",139
"XM_022459436.1",2.07824332784037,5.32719037518683e-19,"up","Day2_Salinity","d2_larva","crg:105340909"," 40S ribosomal protein S24",133,"LOC111119359"," 40S ribosomal protein S24-like","GO:0003735;GO:0005840;GO:0006412;GO:0042254",140
"XM_022459439.1",-1.83424527968068,1.37565368062145e-12,"down","Day2_Salinity","d2_larva","crg:105340909"," 40S ribosomal protein S24",133,"LOC111119359"," 40S ribosomal protein S24-like","GO:0003735;GO:0005840;GO:0006412;GO:0042254",140
"XM_022459458.1",0.901328854808217,0.0044078508848219,"up","Day2_Salinity","d2_larva","crg:105327831"," filamin-A isoform X4",871,"LOC111119371"," filamin-A-like","GO:0003674",873
"XM_022459524.1",1.02261297671099,0.00146646329595376,"up","Day2_Salinity","d2_larva","crg:105323311"," polycystic kidney disease 2-like 1 protein isoform X1",849,"LOC111119397"," polycystin-2-like","GO:0005575;GO:0043167",858
"XM_022459765.1",0.716998587366521,0.00444778734426147,"up","Day2_Salinity","d2_larva","crg:105336965"," disabled homolog 1 isoform X1",904,"LOC111119533"," disabled homolog 1-like","GO:0003674;GO:0008150",862
"XM_022459941.1",-1.0371539077483,0.000753394776268289,"down","Day2_OA","d2_larva","crg:105331570"," acidic mammalian chitinase isoform X1",383,"LOC111119603"," chitinase-3-like protein 1","GO:0005576;GO:0005975;GO:0016798",748
"XM_022460006.1",-0.582255500720026,0.0154866811380578,"down","Day2_Salinity","d2_larva","crg:105324661"," trichohyalin",315,"LOC111119632"," trichohyalin-like","GO:0007010",317
"XM_022460068.1",-1.81287566081478,0.0226634374090176,"down","Day2_Salinity","d2_larva","crg:105332158"," pseudogene",143,"LOC111119662"," huntingtin-interacting protein K-like","",117
"XM_022460153.1",8.12063931895719,0.015463770400645,"up","Day2_OA","d2_larva","crg:109618722"," uncharacterized protein LOC109618722",372,"LOC111119717"," uncharacterized","",368
"XM_022460153.1",7.61827672404225,0.0145919949847586,"up","Day2_Salinity","d2_larva","crg:109618722"," uncharacterized protein LOC109618722",372,"LOC111119717"," uncharacterized","",368
"XM_022460241.1",-1.30401368934812,0.00507046235809274,"down","Day2_Salinity","d2_larva","crg:105338369"," calmodulin-like protein 4",93,"LOC111119762"," neo-calmodulin-like","GO:0043167",168
"XM_022460332.1",0.908811032244406,8.4693221699641e-05,"up","Day2_OA","d2_larva","crg:105322270"," uncharacterized protein",253,"LOC111119821"," uncharacterized","",239
"XM_022460332.1",-0.548837194578111,0.0498115361808653,"down","Day2_Salinity","d2_larva","crg:105322270"," uncharacterized protein",253,"LOC111119821"," uncharacterized","",239
"XM_022460333.1",0.849887598468525,2.08408812907139e-07,"up","Day2_OA","d2_larva","crg:105326683"," glutamic acid-rich protein",253,"LOC111119822"," uncharacterized","",236
"XM_022460453.1",-0.55249386761625,0.0407268776241367,"down","Day2_OA","d2_larva","crg:105347142"," uncharacterized protein",314,"LOC111119885"," uncharacterized","",313
"XM_022460499.1",-0.822842873574172,0.0133276933124284,"down","Day2_Salinity","d2_larva","crg:105335513"," proteoglycan 4",478,"LOC111119921"," protein spalten-like","",473
"XM_022461445.1",-1.25678275664892,1.60473134745494e-06,"down","Day2_Salinity","d2_larva","crg:105333436"," chromobox protein homolog 1 isoform X1",38,"LOC111120601"," uncharacterized","",299
"XM_022461660.1",0.652232742960637,0.0101381699324565,"up","Day2_Salinity","d2_larva","crg:105344800"," tektin-3-like isoform X1",518,"LOC111120729"," tektin-3-like","",507
"XM_022461856.1",21.2956439829426,9.222348526861e-06,"up","Day2_OA","d2_larva","crg:105344354"," histone H2A",126,"LOC111120856"," core histone macro-H2A.1-like","GO:0003677;GO:0005634;GO:0005694;GO:0032991",374
"XM_022461856.1",22.3989201904828,9.77559312040797e-07,"up","Day2_Salinity","d2_larva","crg:105344354"," histone H2A",126,"LOC111120856"," core histone macro-H2A.1-like","GO:0003677;GO:0005634;GO:0005694;GO:0032991",374
"XM_022462063.1",7.54179727047472,4.43990716834722e-07,"up","Day2_Salinity","d2_larva","crg:105320965"," uncharacterized protein",213,"LOC111120983"," dehydrogenase/reductase SDR family member 11-like","GO:0016491",252
"XM_022462063.1",7.58847588045505,9.14986489210462e-07,"up","Day2_OA","d2_larva","crg:105320965"," uncharacterized protein",213,"LOC111120983"," dehydrogenase/reductase SDR family member 11-like","GO:0016491",252
"XM_022462144.1",8.91973818581423,0.0203952928671355,"up","Day2_Salinity","d2_larva","crg:105343281"," uncharacterized protein",132,"LOC111121043"," uncharacterized","GO:0003674",291
"XM_022462160.1",-1.72486830850616,0.00222141057207116,"down","Day2_Salinity","d2_larva","crg:105335199"," paired amphipathic helix protein Sin3a isoform X1",100,"LOC111121057"," paired amphipathic helix protein Sin3a-like","GO:0000228;GO:0003674;GO:0005654;GO:0009058;GO:0032991;GO:0034641",89
"XM_022462553.1",-0.895554093015239,0.013825540098697,"down","Day2_Salinity","d2_larva","crg:109620350"," chitin deacetylase ARB_04768-like isoform X1",184,"LOC111121325"," arp2/3 complex-activating protein rickA-like","",223
"XM_022462751.1",0.716578500928047,0.0101203237378035,"up","Day2_Salinity","d2_larva","crg:105321600"," histone chaperone asf1b-B",206,"LOC111121456"," histone chaperone asf1b-B-like","GO:0005634;GO:0051276",203
"XM_022462822.1",-1.07289766413369,0.0145279248465367,"down","Day2_Salinity","d2_larva","crg:105318488"," ras-related protein Rab-3 isoform X1",158,"LOC111121517"," intraflagellar transport protein 27 homolog","GO:0003924;GO:0043167",187
"XM_022462850.1",-0.638893453969497,0.00298642771828446,"down","Day2_OA","d2_larva","crg:105322293"," calreticulin",313,"LOC111121532"," calreticulin-like","GO:0005783;GO:0006457;GO:0043167;GO:0051082",436
"XM_022463197.1",-6.79944154810692,0.0259531228096854,"down","Day2_Salinity","d2_larva","crg:105338788"," uncharacterized protein",93,"LOC111121767"," uncharacterized","",111
"XM_022463437.1",0.660534359321366,0.00193066856352437,"up","Day2_OA","d2_larva","crg:105338562"," uncharacterized protein",210,"LOC111121938"," uncharacterized","",337
"XM_022463437.1",-0.584138782646497,0.00524680096753417,"down","Day2_Salinity","d2_larva","crg:105338562"," uncharacterized protein",210,"LOC111121938"," uncharacterized","",337
"XM_022463642.1",-2.39195917822447,3.98201188788375e-16,"down","Day2_Salinity","d2_larva","crg:105334022"," uncharacterized protein",135,"LOC111122087"," uncharacterized","",120
"XM_022463891.1",1.22144174858792,0.000136953635312935,"up","Day2_Salinity","d2_larva","crg:105334101"," probable lysosomal cobalamin transporter",540,"LOC111122244"," probable lysosomal cobalamin transporter","",532
"XM_022464103.1",-1.19738557793737,0.0010928596928605,"down","Day2_Salinity","d2_larva","crg:109617536"," synaptotagmin-12-like",145,"LOC111122359"," synaptotagmin-15-like","",456
"XM_022464161.1",-1.40316863194178,1.03538022685787e-06,"down","Day2_OA","d2_larva","crg:105347442"," uncharacterized protein",143,"LOC111122391"," uncharacterized","",138
"XM_022464359.1",-2.34826243465366,5.75627281660267e-06,"down","Day2_Salinity","d2_larva","crg:105319567"," uncharacterized protein",143,"LOC111122569"," uncharacterized","",142
"XM_022464428.1",4.46752421450733,0.00995867248848602,"up","Day2_Salinity","d2_larva","crg:105349105"," uncharacterized protein",135,"LOC111122618"," uncharacterized","GO:0043167",145
"XM_022464569.1",-1.05019146901473,1.16469447179615e-08,"down","Day2_Salinity","d2_larva","crg:105335233"," uncharacterized protein",924,"LOC111122696"," uncharacterized protein YMR317W-like","",901
"XM_022464592.1",-1.29030997628509,1.2774789969315e-06,"down","Day2_Salinity","d2_larva","crg:105332382"," uncharacterized protein",161,"LOC111122714"," uncharacterized","",152
"XM_022465039.1",-7.71360138439465,0.00860998794404454,"down","Day2_OA","d2_larva","crg:105340754"," ankyrin repeat domain-containing protein 45 isoform X1",240,"LOC111122984"," ankyrin repeat domain-containing protein 45-like","GO:0003674",242
"XM_022465039.1",-9.27802208643702,0.000206258772336243,"down","Day2_Salinity","d2_larva","crg:105340754"," ankyrin repeat domain-containing protein 45 isoform X1",240,"LOC111122984"," ankyrin repeat domain-containing protein 45-like","GO:0003674",242
"XM_022465234.1",1.37377333957191,0.0214226798540453,"up","Day2_Salinity","d2_larva","crg:105344454"," uncharacterized protein",87,"LOC111123119"," uncharacterized","",378
"XM_022465483.1",-1.01934712955841,0.0357130039337621,"down","Day2_OA","d2_larva","crg:105326247"," N-acetylneuraminate lyase-like",305,"LOC111123254"," N-acetylneuraminate lyase B-like","GO:0016829",314
"XM_022465826.1",-1.07000603369892,0.000378692688367369,"down","Day2_Salinity","d2_larva","crg:105340879"," uncharacterized protein",136,"LOC111123487"," uncharacterized","",117
"XM_022466077.1",0.434887583711923,0.00161225629515936,"up","Day2_Salinity","d2_larva","crg:105321566"," V-type proton ATPase 16 kDa proteolipid subunit-like",157,"LOC111123623"," V-type proton ATPase 16 kDa proteolipid subunit-like","GO:0022857;GO:0032991",156
"XM_022466108.1",0.507940257724921,0.017659146528924,"up","Day2_OA","d2_larva","crg:105321216"," uncharacterized protein",628,"LOC111123645"," uncharacterized","GO:0003674;GO:0005576;GO:0008150",610
"XM_022466128.1",0.591740913887222,0.0157651411548597,"up","Day2_Salinity","d2_larva","crg:105343950"," proline-rich protein 2 isoform X1",502,"LOC111123650"," proline-rich protein 2-like","",500
"XM_022466128.1",-0.670764676843923,0.00765123960739398,"down","Day2_OA","d2_larva","crg:105343950"," proline-rich protein 2 isoform X1",502,"LOC111123650"," proline-rich protein 2-like","",500
"XM_022466306.1",24.5521084367119,3.95364024515978e-08,"up","Day2_Salinity","d2_larva","crg:105335675"," adenylate cyclase type 9 isoform X1",1200,"LOC111123748"," adenylate cyclase type 9-like","GO:0007165;GO:0009058;GO:0016829;GO:0034641;GO:0044281",1199
"XM_022466306.1",22.7554703465132,1.14756585280363e-06,"up","Day2_OA","d2_larva","crg:105335675"," adenylate cyclase type 9 isoform X1",1200,"LOC111123748"," adenylate cyclase type 9-like","GO:0007165;GO:0009058;GO:0016829;GO:0034641;GO:0044281",1199
"XM_022466507.1",-1.82203115904896,1.77039156273084e-12,"down","Day2_Salinity","d2_larva","crg:105333574"," temptin",151,"LOC111123866"," temptin-like","",150
"XM_022467542.1",-1.33536840554929,0.0356591007930898,"down","Day2_Salinity","d2_larva","crg:105327182"," snake venom metalloproteinase-disintegrin-like mocarhagin isoform X1",710,"LOC111124576"," snake venom metalloproteinase ACLH-like","GO:0008233",709
"XM_022467692.1",-0.960568837204915,0.00080733866719526,"down","Day2_Salinity","d2_larva","crg:105348738"," CD109 antigen",1507,"LOC111124638"," CD109 antigen-like","GO:0005615;GO:0030234",1495
"XM_022467807.1",-1.02981291059587,0.000271158270266655,"down","Day2_Salinity","d2_larva","crg:105340378"," CD109 antigen-like isoform X1",1509,"LOC111124694"," CD109 antigen-like","GO:0005615;GO:0030234",1496
"XM_022467886.1",1.84957900266188,2.7050079044218e-07,"up","Day2_Salinity","d2_larva","crg:105329033"," periostin",307,"LOC111124735"," transforming growth factor-beta-induced protein ig-h3-like","",297
"XM_022467887.1",1.06058795126424,0.000103314112911101,"up","Day2_Salinity","d2_larva","crg:105329033"," periostin",296,"LOC111124736"," transforming growth factor-beta-induced protein ig-h3-like","",295
"XM_022468170.1",-3.75501214451067,5.70493154734254e-30,"down","Day2_Salinity","d2_larva","crg:105323414"," histone H3.3",137,"LOC111124901"," histone H3.3","GO:0003677;GO:0005694;GO:0032991",136
"XM_022468296.1",22.2622801654049,4.60093022929512e-10,"up","Day2_OA","d2_larva","crg:105339818"," thioredoxin domain-containing protein 3 homolog isoform X1",636,"LOC111124944"," thioredoxin domain-containing protein 3 homolog","GO:0009058;GO:0016301;GO:0034641;GO:0042592;GO:0044281",800
"XM_022468296.1",21.7127921611597,3.01978347518854e-10,"up","Day2_Salinity","d2_larva","crg:105339818"," thioredoxin domain-containing protein 3 homolog isoform X1",636,"LOC111124944"," thioredoxin domain-containing protein 3 homolog","GO:0009058;GO:0016301;GO:0034641;GO:0042592;GO:0044281",800
"XM_022468297.1",-22.5493414637472,1.28620449108523e-06,"down","Day2_OA","d2_larva","crg:105339818"," thioredoxin domain-containing protein 3 homolog isoform X1",615,"LOC111124944"," thioredoxin domain-containing protein 3 homolog","GO:0009058;GO:0016301;GO:0034641;GO:0044281",800
"XM_022468297.1",21.2681058410345,3.58925021374907e-06,"up","Day2_Salinity","d2_larva","crg:105339818"," thioredoxin domain-containing protein 3 homolog isoform X1",615,"LOC111124944"," thioredoxin domain-containing protein 3 homolog","GO:0009058;GO:0016301;GO:0034641;GO:0044281",800
"XM_022468543.1",1.31703905309049,6.05447280523315e-06,"up","Day2_Salinity","d2_larva","crg:105320698"," ganglioside GM2 activator",210,"LOC111125083"," ganglioside GM2 activator-like","GO:0006629;GO:0009056;GO:0030234;GO:0034641",210
"XM_022468647.1",-0.785683444770746,0.0102628116196123,"down","Day2_Salinity","d2_larva","crg:105327328"," innexin unc-9",387,"LOC111125145"," innexin unc-9-like","",403
"XM_022468901.1",8.99644126795843,0.0024763259322564,"up","Day2_OA","d2_larva","crg:105345246"," probable nuclear hormone receptor HR38 isoform X1",349,"LOC111125289"," thyroid hormone receptor beta-like","GO:0003677;GO:0003700;GO:0005634;GO:0007165;GO:0009058;GO:0034641;GO:0043167",478
"XM_022468901.1",8.10815971064196,0.0050214485928448,"up","Day2_Salinity","d2_larva","crg:105345246"," probable nuclear hormone receptor HR38 isoform X1",349,"LOC111125289"," thyroid hormone receptor beta-like","GO:0003677;GO:0003700;GO:0005634;GO:0007165;GO:0009058;GO:0034641;GO:0043167",478
"XM_022468913.1",-0.396575185698899,0.0101381699324565,"down","Day2_Salinity","d2_larva","crg:105346081"," protein transport protein Sec61 subunit beta",97,"LOC111125296"," protein transport protein Sec61 subunit beta-like","GO:0005737;GO:0005783;GO:0006810;GO:0032991",96
"XM_022468917.1",1.24642430138827,0.00014840684099672,"up","Day2_Salinity","d2_larva","crg:105324877"," uncharacterized protein",443,"LOC111125298"," uncharacterized","",442
"XM_022469231.1",-21.0740130861703,7.32059056579754e-06,"down","Day2_Salinity","d2_larva","crg:105319221"," inversin-like isoform X1",949,"LOC111125433"," inversin-like","GO:0003674",977
"XM_022469231.1",23.2557593222631,9.74323206275039e-07,"up","Day2_OA","d2_larva","crg:105319221"," inversin-like isoform X1",949,"LOC111125433"," inversin-like","GO:0003674",977
"XM_022469843.1",-1.22592592470993,9.46827093324897e-19,"down","Day2_OA","d2_larva","crg:105323642"," immediate early response gene 5-like protein",312,"LOC111125757"," immediate early response gene 5-like protein","",306
"XM_022469916.1",1.43966752052361,0.0422785795418758,"up","Day2_Salinity","d2_larva","crg:105340955"," insoluble matrix shell protein 5",142,"LOC111125792"," calmodulin-like protein 5","GO:0043167",260
"XM_022470031.1",-3.84207321100505,3.82808716984513e-69,"down","Day2_Salinity","d2_larva","crg:105317679"," carnosine synthase 1 isoform X1",919,"LOC111125850"," carnosine synthase 1-like","GO:0006520;GO:0009058;GO:0016874;GO:0016887;GO:0034641;GO:0043167",944
"XM_022470452.1",-1.23169791282854,3.40879566523887e-05,"down","Day2_Salinity","d2_larva","crg:105328176"," uncharacterized protein",196,"LOC111126060"," DBF4-type zinc finger-containing protein 2 homolog","",195
"XM_022470486.1",-1.14581038377979,0.00161757327932519,"down","Day2_OA","d2_larva","crg:105341955"," pupal cuticle protein Edg-91",117,"LOC111126084"," prisilkin-39-like","",150
"XM_022470486.1",-1.05242807142841,0.00277807929053658,"down","Day2_Salinity","d2_larva","crg:105341955"," pupal cuticle protein Edg-91",117,"LOC111126084"," prisilkin-39-like","",150
"XM_022470526.1",-1.15563033250788,2.92418162964785e-05,"down","Day2_Salinity","d2_larva","crg:105334529"," Ankyrin- serine/threonine-protein phosphatase 6 regulatory ankyrin repeat subunit A",91,"LOC111126116"," ankyrin repeat domain-containing protein 50-like","GO:0003674",264
"XM_022470526.1",-1.04586174601139,0.000566023858046357,"down","Day2_OA","d2_larva","crg:105334529"," Ankyrin- serine/threonine-protein phosphatase 6 regulatory ankyrin repeat subunit A",91,"LOC111126116"," ankyrin repeat domain-containing protein 50-like","GO:0003674",264
"XM_022470546.1",-0.971972149831367,4.53061576668067e-06,"down","Day2_Salinity","d2_larva","crg:105333574"," temptin",151,"LOC111126132"," temptin-like","",150
"XM_022470674.1",1.36546495896072,0.0431839832035191,"up","Day2_Salinity","d2_larva","crg:105340948"," uncharacterized protein",304,"LOC111126204"," uncharacterized","GO:0003674;GO:0007165;GO:0008283;GO:0040007",304
"XM_022470794.1",-1.56407120695487,5.75750008702731e-11,"down","Day2_Salinity","d2_larva","crg:105329978"," uncharacterized protein",445,"LOC111126276"," uncharacterized","",531
"XM_022470799.1",-5.43912482941523,0.0222158154307533,"down","Day2_OA","d2_larva","crg:105333246"," E3 ubiquitin-protein ligase MIB2",92,"LOC111126282"," ankycorbin-like","GO:0003674",247
"XM_022470874.1",1.12401434056577,3.12227759817618e-14,"up","Day2_Salinity","d2_larva","crg:105330711"," uncharacterized protein",291,"LOC111126328"," uncharacterized","GO:0003700;GO:0005622;GO:0009058;GO:0032991;GO:0034641",284
"XM_022471064.1",-4.48343068916084,1.38503141463928e-07,"down","Day2_Salinity","d2_larva","crg:105319576"," uncharacterized protein",131,"LOC111126422"," uncharacterized","",127
"XM_022471456.1",-0.914382262166644,0.0101203237378035,"down","Day2_Salinity","d2_larva","crg:105335232"," uncharacterized protein",502,"LOC111126668"," cell wall protein DAN4-like","",423
"XM_022471741.1",-0.76547481100361,0.00695467406723668,"down","Day2_OA","d2_larva","crg:105329874"," protein app1-like isoform X1",180,"LOC111126839"," protein app1-like","",192
"XM_022471741.1",-0.606691005100524,0.0405267819524947,"down","Day2_Salinity","d2_larva","crg:105329874"," protein app1-like isoform X1",180,"LOC111126839"," protein app1-like","",192
"XM_022471750.1",0.718946984385754,0.0150341783845607,"up","Day2_Salinity","d2_larva","crg:105327335"," EF-hand domain-containing family member B",603,"LOC111126847"," EF-hand domain-containing family member B-like","GO:0043167",602
"XM_022471786.1",-2.69765205526258,6.38569014194088e-16,"down","Day2_Salinity","d2_larva","crg:105342649"," uncharacterized protein",151,"LOC111126876"," uncharacterized","",164
"XM_022471982.1",-0.736439448873624,0.00235382139809,"down","Day2_Salinity","d2_larva","crg:105340926"," muscle-specific protein 20",198,"LOC111127009"," muscle-specific protein 20-like","GO:0003674",218
"XM_022472209.1",-0.689383058989734,0.0416001019871992,"down","Day2_OA","d2_larva","crg:105322034"," glycine-rich protein 2-like",165,"LOC111127149"," keratin, type II cytoskeletal 3-like","",197
"XM_022472455.1",0.97744343459217,0.0116076700152734,"up","Day2_Salinity","d2_larva","crg:105345932"," dihydrolipoyllysine-residue succinyltransferase component of 2-oxoglutarate dehydrogenase complex, mitochondrial",508,"LOC111127323"," dihydrolipoyllysine-residue acetyltransferase component of pyruvate dehydrogenase complex, mitochondrial-like","GO:0005737;GO:0005975;GO:0006091;GO:0009056;GO:0009058;GO:0016746;GO:0032991;GO:0044281",509
"XM_022472463.1",1.6389539750464,0.0229233495027122,"up","Day2_Salinity","d2_larva","crg:105329822"," cell number regulator 3",109,"LOC111127334"," cell number regulator 3-like","",108
"XM_022472590.1",8.57528324628931,0.00253529035788524,"up","Day2_Salinity","d2_larva","crg:105323001"," myotubularin-related protein 9",567,"LOC111127416"," myotubularin-related protein 9-like","",566
"XM_022472590.1",8.87679887289878,0.00319413940597935,"up","Day2_OA","d2_larva","crg:105323001"," myotubularin-related protein 9",567,"LOC111127416"," myotubularin-related protein 9-like","",566
"XM_022472735.1",10.8712979352066,0.00117471181128697,"up","Day2_Salinity","d2_larva","crg:105328887"," sodium/glucose cotransporter 4",655,"LOC111127522"," sodium/glucose cotransporter 4-like","GO:0005575;GO:0022857",654
"XM_022472855.1",1.01634831065209,0.0136105743941104,"up","Day2_Salinity","d2_larva","crg:105329033"," periostin",296,"LOC111127604"," transforming growth factor-beta-induced protein ig-h3-like","",295
"XM_022472879.1",-2.21673437507928,0.000849722771692769,"down","Day2_Salinity","d2_larva","crg:105342649"," uncharacterized protein",151,"LOC111127621"," uncharacterized","",164
"XM_022473145.1",-1.26330889160419,5.43021560549593e-05,"down","Day2_Salinity","d2_larva","crg:105318463"," uncharacterized protein",105,"LOC111127859"," glycine-rich RNA-binding protein blt801-like","",104
"XM_022473269.1",22.0444928403621,1.17341155040923e-06,"up","Day2_Salinity","d2_larva","crg:105345567"," nucleobindin-2 isoform X1",477,"LOC111127936"," nucleobindin-2-like","GO:0043167",609
"XM_022473269.1",22.7445154617477,1.01394164595004e-06,"up","Day2_OA","d2_larva","crg:105345567"," nucleobindin-2 isoform X1",477,"LOC111127936"," nucleobindin-2-like","GO:0043167",609
"XM_022473867.1",1.10643907993617,0.0159765818604793,"up","Day2_Salinity","d2_larva","crg:105328918"," uncharacterized protein",256,"LOC111128306"," uncharacterized","",339
"XM_022473993.1",1.73701018515575,1.64360216470346e-14,"up","Day2_Salinity","d2_larva","crg:105319548"," fatty acid-binding protein homolog 6",144,"LOC111128399"," fatty acid-binding protein-like","GO:0008289",143
"XM_022474109.1",-4.74355924861254,0.039317703927385,"down","Day2_Salinity","d2_larva","crg:105347674"," glycine-rich cell wall structural protein-like",194,"LOC111128495"," glycine-rich cell wall structural protein-like","",382
"XM_022474323.1",1.63189928351277,0.0498115361808653,"up","Day2_Salinity","d2_larva","crg:105319919"," homeobox protein otx5-B isoform X1",309,"LOC111128600"," homeobox protein otx5-B-like","GO:0003677;GO:0009058;GO:0034641",324
"XM_022474484.1",0.467606902800128,1.38503141463928e-07,"up","Day2_Salinity","d2_larva","crg:105335489"," tropomyosin isoform X2",118,"LOC111128702"," tropomyosin-2-like","",224
"XM_022474599.1",-0.963981991062135,0.0303711935140977,"down","Day2_OA","d2_larva","crg:105331113"," serine protease inhibitor Cvsi-2-like",86,"LOC111128760"," serine protease inhibitor Cvsi-2-like","",85
"XM_022474672.1",0.982238933116354,4.9311894704162e-05,"up","Day2_Salinity","d2_larva","crg:105330711"," uncharacterized protein",291,"LOC111128804"," uncharacterized","GO:0003700;GO:0005622;GO:0009058;GO:0032991;GO:0034641",284
"XM_022475509.1",0.575086342419684,0.0327435566576153,"up","Day2_Salinity","d2_larva","crg:105338883"," radial spoke head protein 4 homolog A",509,"LOC111129250"," radial spoke head protein 4 homolog A-like","",526
"XM_022475735.1",-10.4946603661576,0.017571260998539,"down","Day2_Salinity","d2_larva","crg:105341425"," dynein intermediate chain 2, ciliary isoform X1",745,"LOC111129377"," dynein intermediate chain 2, ciliary-like","GO:0003674",743
"XM_022475973.1",-0.575094907992263,0.00268269233019253,"down","Day2_OA","d2_larva","crg:105336839"," mRNA decay activator protein ZFP36L1",403,"LOC111129521"," mRNA decay activator protein ZFP36L1-like","GO:0043167",401
"XM_022476303.1",0.921742073386158,0.0245022553460925,"up","Day2_Salinity","d2_larva","crg:105340685"," neuronal PAS domain-containing protein 4",817,"LOC111129828"," neuronal PAS domain-containing protein 4-like","GO:0003674",815
"XM_022476338.1",-1.07958654301058,0.0052130156159072,"down","Day2_Salinity","d2_larva","crg:105326476"," transcriptional repressor p66-beta isoform X1",459,"LOC111129852"," transcriptional repressor p66-beta-like","GO:0009058;GO:0034641",680
"XM_022476749.1",1.28766606444365,0.000204424639344967,"up","Day2_Salinity","d2_larva","crg:105319044"," putative transcription factor p65 homolog",623,"LOC111130067"," putative transcription factor p65 homolog","GO:0003677;GO:0003700;GO:0005634;GO:0005737;GO:0009058;GO:0032991;GO:0034641",614
"XM_022476779.1",1.92917833779986,6.28472499546098e-10,"up","Day2_Salinity","d2_larva","crg:105340688"," epididymal secretory protein E1",145,"LOC111130084"," epididymal secretory protein E1-like","GO:0006810",144
"XM_022476779.1",1.96089724779482,1.00327799401726e-09,"up","Day2_OA","d2_larva","crg:105340688"," epididymal secretory protein E1",145,"LOC111130084"," epididymal secretory protein E1-like","GO:0006810",144
"XM_022477027.1",-10.6488928780226,0.0100202436728115,"down","Day2_Salinity","d2_larva","crg:105339041"," bifunctional glutamate/proline--tRNA ligase",598,"LOC111130240"," bifunctional glutamate/proline--tRNA ligase-like","GO:0005737;GO:0006399;GO:0006412;GO:0006520;GO:0016874;GO:0032991;GO:0043167;GO:0051186",1621
"XM_022477502.1",-2.11189405376425,2.92269129987052e-05,"down","Day2_Salinity","d2_larva","crg:105343201"," ras-related protein Rab-21",159,"LOC111130430"," cdc42 homolog","GO:0003924;GO:0005575;GO:0007165;GO:0043167",184
"XM_022477735.1",1.04518361241437,0.0429405167891868,"up","Day2_Salinity","d2_larva","crg:105318458"," mammalian ependymin-related protein 1",185,"LOC111130577"," mammalian ependymin-related protein 1-like","GO:0005576;GO:0007155;GO:0043167",191
"XM_022477835.1",-1.9605880858508,4.80254138140132e-11,"down","Day2_Salinity","d2_larva","crg:105345088"," ribonuclease Oy-like",251,"LOC111130657"," ribonuclease Oy-like","GO:0003723;GO:0004518",296
"XM_022477954.1",23.1440617116547,5.49103408746351e-07,"up","Day2_OA","d2_larva","crg:105341856"," diacylglycerol kinase theta isoform X1",998,"LOC111130737"," diacylglycerol kinase theta-like","GO:0006629;GO:0007165;GO:0009056;GO:0016301;GO:0034641;GO:0044281;GO:0051186",994
"XM_022477954.1",25.3293048878588,7.37862152929969e-09,"up","Day2_Salinity","d2_larva","crg:105341856"," diacylglycerol kinase theta isoform X1",998,"LOC111130737"," diacylglycerol kinase theta-like","GO:0006629;GO:0007165;GO:0009056;GO:0016301;GO:0034641;GO:0044281;GO:0051186",994
"XM_022478005.1",17.320616153278,8.92536165032789e-18,"up","Day2_Salinity","d2_larva","crg:105318599"," repetitive proline-rich cell wall protein 2-like",583,"LOC111130773"," adhesive plaque matrix protein-like","",579
"XM_022478156.1",0.980445984353725,0.00590805112186336,"up","Day2_Salinity","d2_larva","crg:105343885"," transcriptional adapter 2-beta",447,"LOC111130888"," transcriptional adapter 2-beta-like","GO:0003677;GO:0005622;GO:0006464;GO:0009058;GO:0032991;GO:0034641;GO:0043167;GO:0051276",438
"XM_022478176.1",2.65471129561971,0.0320881383130637,"up","Day2_Salinity","d2_larva","crg:105344391"," D-tyrosyl-tRNA(Tyr) deacylase 1",182,"LOC111130904"," D-tyrosyl-tRNA(Tyr) deacylase 1-like","GO:0003674;GO:0005737",181
"XM_022478265.1",-0.77839674470123,0.0367295252683998,"down","Day2_Salinity","d2_larva","crg:105338541"," uncharacterized protein",244,"LOC111130959"," expansin-B1-like","",245
"XM_022478295.1",-1.23823109458037,0.0252116821222783,"down","Day2_Salinity","d2_larva","crg:105323689"," uncharacterized protein",279,"LOC111130984"," uncharacterized","",260
"XM_022478398.1",1.21988460084561,0.00283618882799832,"up","Day2_Salinity","d2_larva","crg:105341890"," uncharacterized protein",150,"LOC111131064"," uncharacterized","",153
"XM_022478595.1",2.08980139295101,1.9845556359302e-17,"up","Day2_Salinity","d2_larva","crg:105322086"," cephalotoxin-like protein",386,"LOC111131183"," uncharacterized","",432
"XM_022478955.1",-1.01614678272294,6.45196450239938e-07,"down","Day2_Salinity","d2_larva","crg:105319346"," uncharacterized protein",267,"LOC111131434"," uncharacterized","",281
"XM_022479033.1",-1.0247289207128,0.00271914564285939,"down","Day2_OA","d2_larva","crg:105344404"," uncharacterized protein",222,"LOC111131485"," uncharacterized","",220
"XM_022479120.1",8.59840670952597,0.0484954443917821,"up","Day2_Salinity","d2_larva","crg:105343230"," aldose 1-epimerase isoform X1",348,"LOC111131531"," aldose 1-epimerase-like","GO:0005975;GO:0016853;GO:0044281",352
"XM_022479226.1",-19.9623761066141,1.81735638913602e-29,"down","Day2_Salinity","d2_larva","crg:105317412"," protein PXR1-like",79,"LOC111131614"," protein spalten-like","",138
"XM_022479259.1",-1.96032755919452,4.96168416684776e-20,"down","Day2_Salinity","d2_larva","crg:105340504"," sperm-specific protein PHI-2B/PHI-3-like",90,"LOC111131637"," histone H1-delta-like","GO:0003677;GO:0005634;GO:0005694;GO:0032991;GO:0051276;GO:0065003",192
"XM_022479278.1",1.22855439910901,4.10572376336674e-05,"up","Day2_Salinity","d2_larva","crg:105319548"," fatty acid-binding protein homolog 6",144,"LOC111131653"," fatty acid-binding protein-like","GO:0008289",143
"XM_022479345.1",-2.48325008825302,0.00968723742931987,"down","Day2_OA","d2_larva","crg:105317413"," uncharacterized protein",148,"LOC111131701"," uncharacterized","",138
"XM_022479377.1",0.844806253816262,0.000229892579037591,"up","Day2_Salinity","d2_larva","crg:105320430"," histone H1-delta-like",99,"LOC111131719"," histone H1-delta-like","GO:0003677;GO:0005634;GO:0005694;GO:0032991;GO:0051276;GO:0065003",190
"XM_022479413.1",-0.997734850315052,0.00835792683519274,"down","Day2_Salinity","d2_larva","crg:105319346"," uncharacterized protein",273,"LOC111131742"," uncharacterized","",253
"XM_022479508.1",7.01221666358454,0.00931226451001742,"up","Day2_OA","d2_larva","crg:105324776"," peptidyl-prolyl cis-trans isomerase-like",170,"LOC111131801"," peptidyl-prolyl cis-trans isomerase-like","GO:0006464;GO:0016853",215
"XM_022479508.1",11.2447333356124,1.20778612800413e-07,"up","Day2_Salinity","d2_larva","crg:105324776"," peptidyl-prolyl cis-trans isomerase-like",170,"LOC111131801"," peptidyl-prolyl cis-trans isomerase-like","GO:0006464;GO:0016853",215
"XM_022479523.1",0.572243896511946,0.0334546491845691,"up","Day2_OA","d2_larva","crg:105320566"," protein CDV3 homolog",174,"LOC111131806"," protein CDV3 homolog","",266
"XM_022479553.1",-21.0886875717819,8.77698506514825e-33,"down","Day2_Salinity","d2_larva","crg:105317412"," protein PXR1-like",79,"LOC111131829"," basic salivary proline-rich protein 2-like","",143
"XM_022479807.1",17.7657521041681,5.93295157946986e-20,"up","Day2_Salinity","d2_larva","crg:105346497"," protein NOV-like",188,"LOC111132115"," loricrin-like","GO:0003674",630
"XM_022479879.1",24.8334463402592,1.97283376172813e-08,"up","Day2_Salinity","d2_larva","crg:105339905"," LOW QUALITY PROTEIN: helicase ARIP4",815,"LOC111132146"," helicase ARIP4-like","GO:0043167",1681
"XM_022479879.1",23.3604359183337,5.27521125194369e-07,"up","Day2_OA","d2_larva","crg:105339905"," LOW QUALITY PROTEIN: helicase ARIP4",815,"LOC111132146"," helicase ARIP4-like","GO:0043167",1681
"XM_022479919.1",-1.09751172142164,0.0102628116196123,"down","Day2_Salinity","d2_larva","crg:105333590"," serine protease inhibitor dipetalogastin",99,"LOC111132165"," serine protease inhibitor dipetalogastin-like","GO:0003674",104
"XM_022479919.1",-1.55156983861983,7.23288910589123e-05,"down","Day2_OA","d2_larva","crg:105333590"," serine protease inhibitor dipetalogastin",99,"LOC111132165"," serine protease inhibitor dipetalogastin-like","GO:0003674",104
"XM_022479920.1",0.584399092064185,0.0245022553460925,"up","Day2_Salinity","d2_larva","crg:105331815"," mucin-5AC isoform X1",263,"LOC111132166"," integumentary mucin C.1-like","",280
"XM_022480089.1",-0.573927084307982,0.00397438423769334,"down","Day2_Salinity","d2_larva","crg:105341720"," uncharacterized protein",249,"LOC111132294"," uncharacterized","",255
"XM_022480229.1",-0.699616145498033,0.018739019268757,"down","Day2_Salinity","d2_larva","crg:105339681"," uncharacterized shell protein 2",256,"LOC111132425"," uncharacterized shell protein 2-like","",255
"XM_022480230.1",-0.71867923400562,0.0470905964918893,"down","Day2_OA","d2_larva","crg:105339680"," adhesive plaque matrix protein-like",109,"LOC111132426"," uncharacterized","",200
"XM_022480617.1",-1.28611077546786,0.00281513288448813,"down","Day2_Salinity","d2_larva","crg:105328088"," mid1-interacting protein 1A",169,"LOC111132796"," mid1-interacting protein 1A-like","",167
"XM_022480648.1",9.50876368565654,0.0470905964918893,"up","Day2_OA","d2_larva","crg:105339794"," cytochrome P450 2C16 isoform X1",350,"LOC111132807"," cytochrome P450 2B4-like","GO:0016491;GO:0043167",514
"XM_022480743.1",0.760924795668266,0.00011397668416997,"up","Day2_Salinity","d2_larva","crg:105318060"," follistatin-related protein 3",164,"LOC111132854"," tomoregulin-2-like","GO:0003674",157
"XM_022481126.1",-0.886922330372437,0.00361417963511242,"down","Day2_Salinity","d2_larva","crg:105333803"," splicing regulatory glutamine/lysine-rich protein 1-like",366,"LOC111133061"," uncharacterized","",412
"XM_022481136.1",-0.986547226397545,0.00774332942458281,"down","Day2_Salinity","d2_larva","crg:105343299"," mucin-5AC-like",155,"LOC111133064"," uncharacterized","",212
"XM_022481309.1",-4.51953078264208,0.000295973807963997,"down","Day2_Salinity","d2_larva","crg:105323813"," cystatin-A3",127,"LOC111133180"," cystatin-A-like","GO:0005622;GO:0030234",123
"XM_022481309.1",-3.8815725676991,0.00716161746071589,"down","Day2_OA","d2_larva","crg:105323813"," cystatin-A3",127,"LOC111133180"," cystatin-A-like","GO:0005622;GO:0030234",123
"XM_022481845.1",-1.29862329581046,8.32371139960531e-05,"down","Day2_OA","d2_larva","crg:105324863"," neutral cholesterol ester hydrolase 1",448,"LOC111133423"," neutral cholesterol ester hydrolase 1-like","GO:0003674;GO:0005575",447
"XM_022481845.1",-1.58753510477287,1.20778612800413e-07,"down","Day2_Salinity","d2_larva","crg:105324863"," neutral cholesterol ester hydrolase 1",448,"LOC111133423"," neutral cholesterol ester hydrolase 1-like","GO:0003674;GO:0005575",447
"XM_022482226.1",1.38116879227708,0.00493299478296151,"up","Day2_Salinity","d2_larva","crg:105326232"," uncharacterized protein",678,"LOC111133666"," uncharacterized","",629
"XM_022482347.1",0.639811985069048,0.0229233495027122,"up","Day2_Salinity","d2_larva","crg:105341296"," LOW QUALITY PROTEIN: dnaJ homolog subfamily A member 2-like",288,"LOC111133727"," dnaJ homolog subfamily A member 2-like","GO:0006457;GO:0006950;GO:0043167;GO:0051082",412
"XM_022482504.1",-1.41052944604355,1.0895049018314e-10,"down","Day2_Salinity","d2_larva","crg:105324908"," uncharacterized protein",248,"LOC111133819"," uncharacterized","",276
"XM_022482676.1",-1.16257509376711,0.000447487297033016,"down","Day2_Salinity","d2_larva","crg:105324908"," uncharacterized protein",274,"LOC111133933"," uncharacterized","",276
"XM_022482777.1",1.56491550547546,0.00126742335610183,"up","Day2_Salinity","d2_larva","crg:105324765"," snaclec B6 isoform X2",153,"LOC111134011"," snaclec B6-like","",155
"XM_022482791.1",0.925721254291711,0.0366200840071986,"up","Day2_OA","d2_larva","crg:105322487"," uncharacterized protein",436,"LOC111134026"," uncharacterized","",416
"XM_022483036.1",9.53430558014607,6.74494805612993e-10,"up","Day2_OA","d2_larva","crg:105332814"," cytochrome P450 27C1-like",500,"LOC111134181"," cytochrome P450 27C1-like","GO:0016491;GO:0043167",526
"XM_022483036.1",8.37825225187103,3.73621462552763e-08,"up","Day2_Salinity","d2_larva","crg:105332814"," cytochrome P450 27C1-like",500,"LOC111134181"," cytochrome P450 27C1-like","GO:0016491;GO:0043167",526
"XM_022483060.1",1.13571512976224,0.0072119159214531,"up","Day2_Salinity","d2_larva","crg:105320554"," S-crystallin SL11",208,"LOC111134208"," glutathione S-transferase-like","GO:0003674",205
"XM_022483544.1",-1.53318333975578,5.15327742468192e-05,"down","Day2_OA","d2_larva","crg:105343483"," serine protease inhibitor dipetalogastin",100,"LOC111134486"," serine protease inhibitor dipetalogastin-like","GO:0003674",213
"XM_022483879.1",0.687101983209783,0.0177795450671194,"up","Day2_Salinity","d2_larva","crg:105329765"," coronin-6 isoform X1",555,"LOC111134647"," coronin-1B-like","GO:0003674",529
"XM_022484051.1",23.0922940272841,5.27521125194369e-07,"up","Day2_OA","d2_larva","crg:105333258"," clustered mitochondria protein homolog isoform X1",1357,"LOC111134728"," clustered mitochondria protein homolog","GO:0003674;GO:0007005",1355
"XM_022484051.1",24.9846728520455,1.05458220916147e-08,"up","Day2_Salinity","d2_larva","crg:105333258"," clustered mitochondria protein homolog isoform X1",1357,"LOC111134728"," clustered mitochondria protein homolog","GO:0003674;GO:0007005",1355
"XM_022484131.1",17.5594072439465,1.36525295005914e-15,"up","Day2_Salinity","d2_larva","crg:105341000"," SCO-spondin",820,"LOC111134775"," SCO-spondin-like","GO:0003674",829
"XM_022484134.1",12.2443919180068,0.011498501460751,"up","Day2_Salinity","d2_larva","crg:105341000"," SCO-spondin",820,"LOC111134775"," SCO-spondin-like","GO:0003674",829
"XM_022484139.1",2.80228928662703,0.000744078405239408,"up","Day2_Salinity","d2_larva","crg:105340988"," coadhesin isoform X1",742,"LOC111134779"," A disintegrin and metalloproteinase with thrombospondin motifs adt-1-like","GO:0003674",596
"XM_022484157.1",11.9342152447173,8.46767560436432e-05,"up","Day2_Salinity","d2_larva","crg:105346497"," protein NOV-like",83,"LOC111134790"," loricrin-like","GO:0003674",797
"XM_022484328.1",-1.35960016575158,0.00426690888478383,"down","Day2_Salinity","d2_larva","crg:105321122"," fatty acid-binding protein homolog 5 isoform X2",141,"LOC111134857"," fatty acid-binding protein homolog 5-like","GO:0008289",160
"XM_022484420.1",0.394925993137949,0.0231871162768892,"up","Day2_OA","d2_larva","crg:105343291"," cofilin-like",144,"LOC111134890"," actin-depolymerizing factor 6-like","GO:0005856;GO:0007010;GO:0008092",143
"XM_022484734.1",0.891764873508478,0.00256261951868881,"up","Day2_Salinity","d2_larva","crg:105345794"," UDP-glucuronic acid decarboxylase 1 isoform X1",363,"LOC111135047"," UDP-glucuronic acid decarboxylase 1-like","GO:0003674",349
"XM_022484758.1",10.9068309459043,0.00392227049269885,"up","Day2_Salinity","d2_larva","crg:105323678"," cartilage matrix protein",624,"LOC111135055"," collagen alpha-4(VI) chain-like","",970
"XM_022485025.1",22.4920037292547,8.46645330641887e-07,"up","Day2_Salinity","d2_larva","crg:105343449"," NEDD4-like E3 ubiquitin-protein ligase WWP1 isoform X1",876,"LOC111135190"," E3 ubiquitin-protein ligase Su(dx)-like","GO:0003674;GO:0009056",870
"XM_022485025.1",23.4290701893495,5.92214651556967e-07,"up","Day2_OA","d2_larva","crg:105343449"," NEDD4-like E3 ubiquitin-protein ligase WWP1 isoform X1",876,"LOC111135190"," E3 ubiquitin-protein ligase Su(dx)-like","GO:0003674;GO:0009056",870
"XM_022485028.1",0.712538602643873,0.00297028310965801,"up","Day2_Salinity","d2_larva","crg:105326266"," adenosylhomocysteinase 2",445,"LOC111135192"," adenosylhomocysteinase A-like","GO:0003674;GO:0006520;GO:0006790;GO:0034655;GO:0051186",433
"XM_022485047.1",-0.899989954042424,0.024302241982547,"down","Day2_Salinity","d2_larva","crg:105331012"," Arpc actin-related protein 2/3 complex subunit 3",177,"LOC111135203"," actin-related protein 2/3 complex subunit 3-like","GO:0005856;GO:0007010;GO:0032991;GO:0065003",176
"XM_022485580.1",-0.342657399188071,0.0338511068613396,"down","Day2_Salinity","d2_larva","crg:105325344"," 14-3-3 protein beta/alpha-A",239,"LOC111135475"," 14-3-3 protein epsilon-like","GO:0003674",256
"XM_022485808.1",0.50800911726806,0.042903410350214,"up","Day2_Salinity","d2_larva","crg:105324517"," G protein-coupled receptor kinase 5 isoform X2",519,"LOC111135594"," G protein-coupled receptor kinase 5-like","GO:0006464;GO:0006520;GO:0007165;GO:0016301;GO:0043167",561
"XM_022485833.1",-0.628821201963685,0.0186646960592354,"down","Day2_Salinity","d2_larva","crg:105336366"," uncharacterized protein",284,"LOC111135605"," uncharacterized","GO:0005886;GO:0022857",449
"XM_022486340.1",10.0903386569457,0.00150997336993165,"up","Day2_OA","d2_larva","crg:105331920"," rootletin isoform X1",2026,"LOC111135890"," rootletin-like","",2371
"XM_022486340.1",10.7661096388792,0.000206258772336243,"up","Day2_Salinity","d2_larva","crg:105331920"," rootletin isoform X1",2026,"LOC111135890"," rootletin-like","",2371
"XM_022486611.1",0.720219623159835,0.00876203967263974,"up","Day2_Salinity","d2_larva","crg:105332030"," inhibitor of growth protein 5",254,"LOC111136035"," inhibitor of growth protein 5-like","GO:0005654;GO:0006464;GO:0008283;GO:0032991;GO:0051276",253
"XM_022486641.1",-0.741506989528292,0.0366494703683691,"down","Day2_Salinity","d2_larva","crg:105343797"," nucleoside diphosphate kinase homolog 5",132,"LOC111136057"," nucleoside diphosphate kinase 7-like","GO:0009058;GO:0016301;GO:0034641;GO:0043167;GO:0044281",377
"XM_022487038.1",-1.72413702877153,2.82608077812941e-09,"down","Day2_Salinity","d2_larva","crg:105328238"," ornithine aminotransferase, mitochondrial",434,"LOC111136290"," ornithine aminotransferase, mitochondrial-like","GO:0006520;GO:0043167",433
"XM_022487059.1",0.675875086575707,0.00383736669953544,"up","Day2_Salinity","d2_larva","crg:105331752"," cathepsin L1",249,"LOC111136303"," uncharacterized","GO:0008233",776
"XM_022487060.1",-1.71685091079855,4.22718919467288e-08,"down","Day2_OA","d2_larva","crg:105345815"," CCAAT/enhancer-binding protein gamma",64,"LOC111136304"," CCAAT/enhancer-binding protein beta-like","GO:0003700;GO:0005622;GO:0009058;GO:0032991;GO:0034641",309
"XM_022487060.1",1.04816900078807,0.00252068707764114,"up","Day2_Salinity","d2_larva","crg:105345815"," CCAAT/enhancer-binding protein gamma",64,"LOC111136304"," CCAAT/enhancer-binding protein beta-like","GO:0003700;GO:0005622;GO:0009058;GO:0032991;GO:0034641",309
"XM_022487527.1",1.16908769548583,2.86093125504447e-07,"up","Day2_Salinity","d2_larva","crg:105324866"," uncharacterized protein",289,"LOC111136582"," uncharacterized","",288
"XM_022487527.1",1.05640570823227,1.33169259454009e-05,"up","Day2_OA","d2_larva","crg:105324866"," uncharacterized protein",289,"LOC111136582"," uncharacterized","",288
"XM_022487861.1",0.781374037636168,0.00524680096753417,"up","Day2_Salinity","d2_larva","crg:105341528"," heterogeneous nuclear ribonucleoprotein C-like 3",318,"LOC111136764"," heterogeneous nuclear ribonucleoprotein C-like","GO:0003674",317
"XM_022487967.1",-0.61827756548298,0.0291535782269642,"down","Day2_OA","d2_larva","crg:105346569"," glutathione S-transferase 1",206,"LOC111136840"," glutathione S-transferase 1-like","GO:0003674",205
"XM_022488005.1",1.44735675303874,0.0174380286485028,"up","Day2_Salinity","d2_larva","crg:105345886"," uncharacterized protein",341,"LOC111136864"," leucine-rich repeat transmembrane protein FLRT1-like","GO:0003674",392
"XM_022488250.1",3.92312651870015,0.0193552438147268,"up","Day2_Salinity","d2_larva","crg:105345887"," leucine-rich repeat-containing protein 4B",311,"LOC111137024"," uncharacterized","",396
"XM_022488326.1",7.2242279055535,0.034100695974797,"up","Day2_OA","d2_larva","crg:105339286"," pyridine nucleotide-disulfide oxidoreductase domain-containing protein 2",585,"LOC111137077"," pyridine nucleotide-disulfide oxidoreductase domain-containing protein 2-like","GO:0016491",584
"XM_022488326.1",7.93853645808976,0.0056022376477689,"up","Day2_Salinity","d2_larva","crg:105339286"," pyridine nucleotide-disulfide oxidoreductase domain-containing protein 2",585,"LOC111137077"," pyridine nucleotide-disulfide oxidoreductase domain-containing protein 2-like","GO:0016491",584
"XM_022488553.1",-1.86382273185316,6.33520070064713e-12,"down","Day2_Salinity","d2_larva","crg:105344949"," uncharacterized protein",176,"LOC111137201"," uncharacterized","",174
"XM_022488698.1",3.18796110692977,0.038689876912171,"up","Day2_Salinity","d2_larva","crg:105317934"," retinol-binding protein 4-A-like",160,"LOC111137293"," apolipoprotein D-like","GO:0003674",183
"XM_022488803.1",1.35242047025612,6.37129091030794e-06,"up","Day2_OA","d2_larva","crg:105318255"," NF-kappa-B inhibitor epsilon-like",346,"LOC111137365"," NF-kappa-B inhibitor alpha-like","GO:0003674",345
"XM_022488850.1",-1.26242215819892,0.0032656170903637,"down","Day2_OA","d2_larva","crg:105317934"," retinol-binding protein 4-A-like",192,"LOC111137402"," apolipoprotein D-like","GO:0006810;GO:0007568;GO:0008289",185
"XM_022488850.1",-0.964023849665519,0.0355586930552406,"down","Day2_Salinity","d2_larva","crg:105317934"," retinol-binding protein 4-A-like",192,"LOC111137402"," apolipoprotein D-like","GO:0006810;GO:0007568;GO:0008289",185
"XM_022488851.1",-1.68547946113358,0.00932433789298212,"down","Day2_OA","d2_larva","crg:105320009"," apolipoprotein D",182,"LOC111137403"," apolipoprotein D-like","GO:0006810;GO:0007568;GO:0008289",185
"XM_022488898.1",-1.19757486674677,8.38597207167721e-06,"down","Day2_OA","d2_larva","crg:105346062"," uncharacterized protein",281,"LOC111137438"," uncharacterized","",280
"XM_022488977.1",-0.95245610910605,0.0449121876654691,"down","Day2_Salinity","d2_larva","crg:105331805"," mannan endo-1,4-beta-mannosidase",379,"LOC111137508"," mannan endo-1,4-beta-mannosidase-like","",378
"XM_022489051.1",1.3210768378766,0.000165053219984793,"up","Day2_Salinity","d2_larva","crg:105342093"," zinc metalloproteinase nas-13",254,"LOC111137556"," zinc metalloproteinase nas-13-like","GO:0008233;GO:0043167",479
"XM_022489447.1",-1.28149205459443,0.0235134074535283,"down","Day2_Salinity","d2_larva","crg:105343245"," dynein light chain roadblock-type 2 isoform X1",98,"LOC111137797"," dynein light chain roadblock-type 2","GO:0005856;GO:0008150;GO:0032991",97
"XM_022489720.1",-7.72343927428172,0.00718202182943408,"down","Day2_Salinity","d2_larva","crg:105330331"," uncharacterized protein",524,"LOC111137982"," uncharacterized","",517
"XM_022489720.1",7.55435856331364,0.0196569458194644,"up","Day2_OA","d2_larva","crg:105330331"," uncharacterized protein",524,"LOC111137982"," uncharacterized","",517
"XM_022489746.1",1.55346059318192,0.0333873972655451,"up","Day2_OA","d2_larva","crg:105327283"," protein bunched, class 2/F/G isoform",575,"LOC111138001"," TSC22 domain family protein 1-like","GO:0003700;GO:0005622;GO:0009058;GO:0032991;GO:0034641",562
"XM_022489746.1",-2.17363936389609,9.32586569839614e-05,"down","Day2_Salinity","d2_larva","crg:105327283"," protein bunched, class 2/F/G isoform",575,"LOC111138001"," TSC22 domain family protein 1-like","GO:0003700;GO:0005622;GO:0009058;GO:0032991;GO:0034641",562
"XM_022489782.1",-0.691969000320248,0.00523687548358508,"down","Day2_OA","d2_larva","crg:105321494"," septin-2 isoform X1",357,"LOC111138027"," septin-2-like","GO:0043167",648
"XM_022489817.1",2.10284784738587,7.10631047309606e-06,"up","Day2_Salinity","d2_larva","crg:105332180"," soma ferritin",172,"LOC111138040"," soma ferritin-like","GO:0006810;GO:0042592;GO:0043167",171
"XM_022489931.1",0.622025426109304,0.0390593221527261,"up","Day2_Salinity","d2_larva","crg:105327503"," activating signal cointegrator 1 complex subunit 1",359,"LOC111138114"," activating signal cointegrator 1 complex subunit 1-like","GO:0003723",358
"XM_022489939.1",-1.70974112939595,0.0227134930753115,"down","Day2_Salinity","d2_larva","crg:105338636"," ctenidin-3-like",207,"LOC111138118"," keratin-associated protein 19-2-like","",191
"XM_022490304.1",-1.22735044661676,0.0005728945468401,"down","Day2_OA","d2_larva","crg:105338834"," serine/arginine-rich splicing factor 1",66,"LOC111138375"," serine, glycine, tyrosine and glutamine-rich protein-like","",138
"XM_022490311.1",-1.41101472618484,0.00080733866719526,"down","Day2_Salinity","d2_larva","crg:105331904"," uncharacterized protein",294,"LOC111138380"," uncharacterized","",292
"XM_022490364.1",-0.968116302820468,0.00275645798774298,"down","Day2_Salinity","d2_larva","crg:105319512"," ctenidin-3",60,"LOC111138411"," keratin-associated protein 19-2-like","",177
"XR_002636360.1",23.4636436627982,2.10061429764505e-07,"up","Day2_Salinity","d2_larva","crg:105325695"," uncharacterized protein",202,"LOC111112744"," interferon alpha-inducible protein 27-like protein 2B","GO:0003674",479
"XR_002636360.1",23.2999569049341,6.77085024819732e-07,"up","Day2_OA","d2_larva","crg:105325695"," uncharacterized protein",202,"LOC111112744"," interferon alpha-inducible protein 27-like protein 2B","GO:0003674",479
"XR_002639754.1",0.681520486139437,0.00120853429361428,"up","Day2_Salinity","d2_larva","crg:105320117"," serine/arginine-rich splicing factor 6 isoform X1",82,"LOC111136440"," serine/arginine-rich splicing factor 1A-like","GO:0003674",228
