"","Cgigas_KEGGID","time_point","module","KEGGID_pathway","Log_pvalue_adj","Rich_factor","Description","Cvirginica_GeneID","Cvirginica_Protein_name"
"1","crg:105317754","Day 22 spat","red","crg03060",2.44,0.13,"Protein export","LOC111108442"," protein transport protein Sec61 subunit alpha"
"2","crg:105324820","Day 22 spat","red","crg03060",2.44,0.13,"Protein export","LOC111132820"," mitochondrial inner membrane protein OXA1L-like"
"3","crg:105325007","Day 22 spat","red","crg03060",2.44,0.13,"Protein export","LOC111126975"," signal recognition particle receptor subunit alpha-like"
"4","crg:105348945","Day 22 spat","red","crg03060",2.44,0.13,"Protein export","LOC111106955"," mitochondrial inner membrane protease subunit 2-like"
"5","crg:105348945","Day 22 spat","red","crg03060",2.44,0.13,"Protein export","LOC111107953"," uncharacterized"
"6","crg:105348945","Day 22 spat","red","crg03060",2.44,0.13,"Protein export","LOC111106793"," mitochondrial inner membrane protease subunit 2-like"
"7","crg:105320076","Day 22 spat","red","crg04144",4.04,0.058,"Endocytosis","LOC111102907"," charged multivesicular body protein 2a-like"
"8","crg:105320076","Day 22 spat","red","crg04144",4.04,0.058,"Endocytosis","LOC111104852"," charged multivesicular body protein 2a-like"
"9","crg:105321025","Day 22 spat","red","crg04144",4.04,0.058,"Endocytosis","LOC111120783"," charged multivesicular body protein 5-like"
"10","crg:105321861","Day 22 spat","red","crg04144",4.04,0.058,"Endocytosis","LOC111130368"," charged multivesicular body protein 1a-like"
"11","crg:105321861","Day 22 spat","red","crg04144",4.04,0.058,"Endocytosis","LOC111136878"," charged multivesicular body protein 1a-like"
"12","crg:105323904","Day 22 spat","red","crg04144",4.04,0.058,"Endocytosis","LOC111138197"," charged multivesicular body protein 4b-like"
"13","crg:105325264","Day 22 spat","red","crg04144",4.04,0.058,"Endocytosis","LOC111105529"," IST1 homolog"
"14","crg:105327336","Day 22 spat","red","crg04144",4.04,0.058,"Endocytosis","LOC111137647"," ras-related protein Rab-24-like"
"15","crg:105327336","Day 22 spat","red","crg04144",4.04,0.058,"Endocytosis","LOC111099150"," ras-related protein Rab-24-like"
"16","crg:105327336","Day 22 spat","red","crg04144",4.04,0.058,"Endocytosis","LOC111125144"," ras-related protein Rab-5B-like"
"17","crg:105330715","Day 22 spat","red","crg04144",4.04,0.058,"Endocytosis","LOC111103354"," charged multivesicular body protein 1b-like"
"18","crg:105330715","Day 22 spat","red","crg04144",4.04,0.058,"Endocytosis","LOC111103630"," charged multivesicular body protein 1b-like"
"19","crg:105331606","Day 22 spat","red","crg04144",4.04,0.058,"Endocytosis","LOC111135863"," hemocyte protein-glutamine gamma-glutamyltransferase-like"
"20","crg:105342463","Day 22 spat","red","crg04144",4.04,0.058,"Endocytosis","LOC111135567"," clathrin light chain B-like"
"21","crg:105342463","Day 22 spat","red","crg04144",4.04,0.058,"Endocytosis","LOC111115748"," clathrin light chain B-like"
"22","crg:105343266","Day 22 spat","red","crg04144",4.04,0.058,"Endocytosis","LOC111131029"," EH domain-containing protein 3-like"
"23","crg:105318105","Day 22 spat","salmon","crg03050",10.3,0.36,"Proteasome","LOC111133428"," proteasome subunit beta type-6-like"
"24","crg:105319167","Day 22 spat","salmon","crg03050",10.3,0.36,"Proteasome","LOC111116995"," proteasome subunit alpha type-2-like"
"25","crg:105322442","Day 22 spat","salmon","crg03050",10.3,0.36,"Proteasome","LOC111130411"," proteasome subunit alpha type-4-like"
"26","crg:105322442","Day 22 spat","salmon","crg03050",10.3,0.36,"Proteasome","LOC111130528"," proteasome subunit alpha type-4-like"
"27","crg:105328653","Day 22 spat","salmon","crg03050",10.3,0.36,"Proteasome","LOC111133546"," proteasome subunit alpha type-7-like"
"28","crg:105328897","Day 22 spat","salmon","crg03050",10.3,0.36,"Proteasome","LOC111115040"," proteasome subunit beta type-3-like"
"29","crg:105328897","Day 22 spat","salmon","crg03050",10.3,0.36,"Proteasome","LOC111114594"," proteasome subunit beta type-3-like"
"30","crg:105330688","Day 22 spat","salmon","crg03050",10.3,0.36,"Proteasome","LOC111136988"," 26S proteasome non-ATPase regulatory subunit 1-like"
"31","crg:105332983","Day 22 spat","salmon","crg03050",10.3,0.36,"Proteasome","LOC111106458"," 26S proteasome non-ATPase regulatory subunit 6-like"
"32","crg:105332983","Day 22 spat","salmon","crg03050",10.3,0.36,"Proteasome","LOC111108412"," 26S proteasome non-ATPase regulatory subunit 6-like"
"33","crg:105336919","Day 22 spat","salmon","crg03050",10.3,0.36,"Proteasome","LOC111104018"," proteasome subunit alpha type-1-like"
"34","crg:105337862","Day 22 spat","salmon","crg03050",10.3,0.36,"Proteasome","LOC111130300"," 26S proteasome regulatory subunit 6B"
"35","crg:105338316","Day 22 spat","salmon","crg03050",10.3,0.36,"Proteasome","LOC111138440"," 26S proteasome regulatory subunit 7"
"36","crg:105338413","Day 22 spat","salmon","crg03050",10.3,0.36,"Proteasome","LOC111118338"," 26S proteasome non-ATPase regulatory subunit 12-like"
"37","crg:105341348","Day 22 spat","salmon","crg03050",10.3,0.36,"Proteasome","LOC111130431"," proteasome subunit alpha type-3-like"
"38","crg:105342563","Day 22 spat","salmon","crg03050",10.3,0.36,"Proteasome","LOC111108182"," proteasome subunit alpha type-5-like"
"39","crg:105345779","Day 22 spat","salmon","crg03050",10.3,0.36,"Proteasome","LOC111120628"," 26S proteasome regulatory subunit 6A-B"
"40","crg:105346718","Day 22 spat","salmon","crg03050",10.3,0.36,"Proteasome","LOC111120999"," proteasome subunit beta type-2-like"
"41","crg:105320707","Day 22 spat","salmon","crg03015",2.59,0.14,"mRNA surveillance pathway","LOC111135732"," serine/threonine-protein phosphatase 2A 55 kDa regulatory subunit B alpha isoform-like"
"42","crg:105321021","Day 22 spat","salmon","crg03015",2.59,0.14,"mRNA surveillance pathway","LOC111121238"," RNA-binding protein with serine-rich domain 1-B-like"
"43","crg:105322560","Day 22 spat","salmon","crg03015",2.59,0.14,"mRNA surveillance pathway","LOC111118318"," THO complex subunit 4-like"
"44","crg:105322560","Day 22 spat","salmon","crg03015",2.59,0.14,"mRNA surveillance pathway","LOC111119442"," THO complex subunit 4-like"
"45","crg:105323009","Day 22 spat","salmon","crg03015",2.59,0.14,"mRNA surveillance pathway","LOC111126090"," cleavage stimulation factor subunit 1-like"
"46","crg:105331061","Day 22 spat","salmon","crg03015",2.59,0.14,"mRNA surveillance pathway","LOC111129063"," regulator of nonsense transcripts 1-like"
"47","crg:105331061","Day 22 spat","salmon","crg03015",2.59,0.14,"mRNA surveillance pathway","LOC111129219"," regulator of nonsense transcripts 1-like"
"48","crg:105334335","Day 22 spat","salmon","crg03015",2.59,0.14,"mRNA surveillance pathway","LOC111129838"," WD repeat-containing protein 82-like"
"49","crg:105334534","Day 22 spat","salmon","crg03015",2.59,0.14,"mRNA surveillance pathway","LOC111134375"," polyadenylate-binding protein 2-B-like"
"50","crg:105337940","Day 22 spat","salmon","crg03015",2.59,0.14,"mRNA surveillance pathway","LOC111120984"," protein mago nashi homolog 2"
"51","crg:105347084","Day 22 spat","salmon","crg03015",2.59,0.14,"mRNA surveillance pathway","LOC111104361"," histone deacetylase complex subunit SAP18-like"
"52","crg:105347084","Day 22 spat","salmon","crg03015",2.59,0.14,"mRNA surveillance pathway","LOC111103910"," histone deacetylase complex subunit SAP18-like"
"53","crg:105348755","Day 22 spat","salmon","crg03015",2.59,0.14,"mRNA surveillance pathway","LOC111134475"," RNA-binding protein 8A-like"
"54","crg:105318076","Day 22 spat","salmon","crg00190",1.55,0.11,"Oxidative phosphorylation","LOC111133037"," NADH dehydrogenase [ubiquinone] 1 alpha subcomplex subunit 8-like"
"55","crg:105318400","Day 22 spat","salmon","crg00190",1.55,0.11,"Oxidative phosphorylation","LOC111121158"," cytochrome c oxidase subunit 5B, mitochondrial-like"
"56","crg:105319312","Day 22 spat","salmon","crg00190",1.55,0.11,"Oxidative phosphorylation","LOC111136515"," NADH dehydrogenase [ubiquinone] iron-sulfur protein 3, mitochondrial-like"
"57","crg:105328999","Day 22 spat","salmon","crg00190",1.55,0.11,"Oxidative phosphorylation","LOC111101041"," V-type proton ATPase subunit B"
"58","crg:105329817","Day 22 spat","salmon","crg00190",1.55,0.11,"Oxidative phosphorylation","LOC111118584"," inorganic pyrophosphatase-like"
"59","crg:105329817","Day 22 spat","salmon","crg00190",1.55,0.11,"Oxidative phosphorylation","LOC111118585"," uncharacterized"
"60","crg:105329817","Day 22 spat","salmon","crg00190",1.55,0.11,"Oxidative phosphorylation","LOC111118590"," inorganic pyrophosphatase-like"
"61","crg:105332665","Day 22 spat","salmon","crg00190",1.55,0.11,"Oxidative phosphorylation","LOC111121564"," cytochrome b-c1 complex subunit 2, mitochondrial-like"
"62","crg:105336770","Day 22 spat","salmon","crg00190",1.55,0.11,"Oxidative phosphorylation","LOC111130836"," V-type proton ATPase subunit D-like"
"63","crg:105339285","Day 22 spat","salmon","crg00190",1.55,0.11,"Oxidative phosphorylation","LOC111137078"," V-type proton ATPase subunit e 2-like"
"64","crg:105342980","Day 22 spat","salmon","crg00190",1.55,0.11,"Oxidative phosphorylation","LOC111112565"," NADH-ubiquinone oxidoreductase 75 kDa subunit, mitochondrial-like"
"65","crg:105342980","Day 22 spat","salmon","crg00190",1.55,0.11,"Oxidative phosphorylation","LOC111112035"," NADH-ubiquinone oxidoreductase 75 kDa subunit, mitochondrial-like"
"66","crg:105330143","Day 22 spat","tan","crg00790",1.5,0.059,"Folate biosynthesis","LOC111135358"," alkaline phosphatase, tissue-nonspecific isozyme-like"
"67","crg:105343048","Day 22 spat","tan","crg00790",1.5,0.059,"Folate biosynthesis","LOC111103021"," phenylalanine-4-hydroxylase-like"
"68","crg:105343048","Day 22 spat","tan","crg00790",1.5,0.059,"Folate biosynthesis","LOC111105167"," phenylalanine-4-hydroxylase-like"
"69","crg:105343048","Day 22 spat","tan","crg00790",1.5,0.059,"Folate biosynthesis","LOC111103022"," protein henna-like"
"70","crg:105343048","Day 22 spat","tan","crg00790",1.5,0.059,"Folate biosynthesis","LOC111105201"," protein henna-like"
"71","crg:105323174","Day 22 spat","tan","crg03082",2.66,0.044,"ATP-dependent chromatin remodeling","LOC111130935"," bromodomain adjacent to zinc finger domain protein 2B-like"
"72","crg:105326476","Day 22 spat","tan","crg03082",2.66,0.044,"ATP-dependent chromatin remodeling","LOC111129852"," transcriptional repressor p66-beta-like"
"73","crg:105335713","Day 22 spat","tan","crg03082",2.66,0.044,"ATP-dependent chromatin remodeling","LOC111120309"," actin, adductor muscle-like"
"74","crg:105335713","Day 22 spat","tan","crg03082",2.66,0.044,"ATP-dependent chromatin remodeling","LOC111125973"," actin, adductor muscle"
"75","crg:105340654","Day 22 spat","tan","crg03082",2.66,0.044,"ATP-dependent chromatin remodeling","LOC111120820"," vacuolar protein sorting-associated protein 72 homolog"
"76","crg:105335489","Day 22 spat","tan","crg04814",2.66,0.034,"Motor proteins","LOC111130257"," tropomyosin"
"77","crg:105335489","Day 22 spat","tan","crg04814",2.66,0.034,"Motor proteins","LOC111128702"," tropomyosin-2-like"
"78","crg:105335713","Day 22 spat","tan","crg04814",2.66,0.034,"Motor proteins","LOC111120309"," actin, adductor muscle-like"
"79","crg:105335713","Day 22 spat","tan","crg04814",2.66,0.034,"Motor proteins","LOC111125973"," actin, adductor muscle"
"80","crg:105339571","Day 22 spat","tan","crg04814",2.66,0.034,"Motor proteins","LOC111128364"," kinesin-like protein KIF26B"
"81","crg:105348570","Day 22 spat","tan","crg04814",2.66,0.034,"Motor proteins","LOC111132450"," troponin T-like"
"82","crg:105348570","Day 22 spat","tan","crg04814",2.66,0.034,"Motor proteins","LOC111131563"," troponin T-like"
"83","crg:105317506","Day 22 spat","green","crg03010",36.6,0.32,"Ribosome","LOC111114067"," 40S ribosomal protein S11-like"
"84","crg:105319021","Day 22 spat","green","crg03010",36.6,0.32,"Ribosome","LOC111132297"," 60S ribosomal protein L15-like"
"85","crg:105319282","Day 22 spat","green","crg03010",36.6,0.32,"Ribosome","LOC111119059"," 60S ribosomal protein L34-like"
"86","crg:105319282","Day 22 spat","green","crg03010",36.6,0.32,"Ribosome","LOC111119826"," 60S ribosomal protein L34-like"
"87","crg:105319364","Day 22 spat","green","crg03010",36.6,0.32,"Ribosome","LOC111116477"," 60S acidic ribosomal protein P0-like"
"88","crg:105319364","Day 22 spat","green","crg03010",36.6,0.32,"Ribosome","LOC111130039"," 60S acidic ribosomal protein P0-like"
"89","crg:105319573","Day 22 spat","green","crg03010",36.6,0.32,"Ribosome","LOC111115132"," 60S ribosomal protein L37a"
"90","crg:105319573","Day 22 spat","green","crg03010",36.6,0.32,"Ribosome","LOC111114610"," 60S ribosomal protein L37a"
"91","crg:105319797","Day 22 spat","green","crg03010",36.6,0.32,"Ribosome","LOC111121848"," 40S ribosomal protein S7-like"
"92","crg:105319797","Day 22 spat","green","crg03010",36.6,0.32,"Ribosome","LOC111118983"," 40S ribosomal protein S7-like"
"93","crg:105320864","Day 22 spat","green","crg03010",36.6,0.32,"Ribosome","LOC111131668"," probable ribosome biogenesis protein RLP24"
"94","crg:105321548","Day 22 spat","green","crg03010",36.6,0.32,"Ribosome","LOC111124252"," uncharacterized"
"95","crg:105321548","Day 22 spat","green","crg03010",36.6,0.32,"Ribosome","LOC111124261"," uncharacterized"
"96","crg:105324627","Day 22 spat","green","crg03010",36.6,0.32,"Ribosome","LOC111120067"," 60S ribosomal protein L27a-like"
"97","crg:105325638","Day 22 spat","green","crg03010",36.6,0.32,"Ribosome","LOC111136425"," 60S ribosomal protein L26-like"
"98","crg:105326418","Day 22 spat","green","crg03010",36.6,0.32,"Ribosome","LOC111118104"," 60S ribosomal protein L23"
"99","crg:105326463","Day 22 spat","green","crg03010",36.6,0.32,"Ribosome","LOC111106322"," 60S ribosomal protein L18a-like"
"100","crg:105326463","Day 22 spat","green","crg03010",36.6,0.32,"Ribosome","LOC111106383"," 60S ribosomal protein L18a-like"
"101","crg:105328963","Day 22 spat","green","crg03010",36.6,0.32,"Ribosome","LOC111120619"," probable 60S ribosomal protein L37-A"
"102","crg:105330605","Day 22 spat","green","crg03010",36.6,0.32,"Ribosome","LOC111135345"," 60S ribosomal protein L30-like"
"103","crg:105331157","Day 22 spat","green","crg03010",36.6,0.32,"Ribosome","LOC111118348"," 40S ribosomal protein S15Aa"
"104","crg:105332215","Day 22 spat","green","crg03010",36.6,0.32,"Ribosome","LOC111128580"," 40S ribosomal protein S15-like"
"105","crg:105332844","Day 22 spat","green","crg03010",36.6,0.32,"Ribosome","LOC111136230"," 60S ribosomal protein L14-like"
"106","crg:105332844","Day 22 spat","green","crg03010",36.6,0.32,"Ribosome","LOC111133720"," 60S ribosomal protein L14-like"
"107","crg:105333469","Day 22 spat","green","crg03010",36.6,0.32,"Ribosome","LOC111101860"," 60S ribosomal protein L35a-like"
"108","crg:105335841","Day 22 spat","green","crg03010",36.6,0.32,"Ribosome","LOC111122600"," ubiquitin-60S ribosomal protein L40"
"109","crg:105335873","Day 22 spat","green","crg03010",36.6,0.32,"Ribosome","LOC111126078"," 40S ribosomal protein S3"
"110","crg:105335873","Day 22 spat","green","crg03010",36.6,0.32,"Ribosome","LOC111126482"," 40S ribosomal protein S3"
"111","crg:105336480","Day 22 spat","green","crg03010",36.6,0.32,"Ribosome","LOC111119970"," 60S ribosomal protein L10-like"
"112","crg:105336480","Day 22 spat","green","crg03010",36.6,0.32,"Ribosome","LOC111119745"," 60S ribosomal protein L10-like"
"113","crg:105337115","Day 22 spat","green","crg03010",36.6,0.32,"Ribosome","LOC111101507"," 60S ribosomal protein L32-like"
"114","crg:105337746","Day 22 spat","green","crg03010",36.6,0.32,"Ribosome","LOC111135849"," 60S ribosomal protein L13-like"
"115","crg:105338085","Day 22 spat","green","crg03010",36.6,0.32,"Ribosome","LOC111100708"," 40S ribosomal protein S13-like"
"116","crg:105338614","Day 22 spat","green","crg03010",36.6,0.32,"Ribosome","LOC111127437"," 60S ribosomal protein L35-like"
"117","crg:105339104","Day 22 spat","green","crg03010",36.6,0.32,"Ribosome","LOC111123867"," 40S ribosomal protein S25-like"
"118","crg:105340582","Day 22 spat","green","crg03010",36.6,0.32,"Ribosome","LOC111118510"," 40S ribosomal protein S20"
"119","crg:105341412","Day 22 spat","green","crg03010",36.6,0.32,"Ribosome","LOC111137591"," 40S ribosomal protein S10-like"
"120","crg:105341412","Day 22 spat","green","crg03010",36.6,0.32,"Ribosome","LOC111107343"," 40S ribosomal protein S10-like"
"121","crg:105342397","Day 22 spat","green","crg03010",36.6,0.32,"Ribosome","LOC111131216"," ubiquitin-40S ribosomal protein S27a"
"122","crg:105342603","Day 22 spat","green","crg03010",36.6,0.32,"Ribosome","LOC111102811"," 60S ribosomal protein L24-like"
"123","crg:105342603","Day 22 spat","green","crg03010",36.6,0.32,"Ribosome","LOC111103150"," 60S ribosomal protein L24-like"
"124","crg:105344033","Day 22 spat","green","crg03010",36.6,0.32,"Ribosome","LOC111122453"," 40S ribosomal protein S21-like"
"125","crg:105344033","Day 22 spat","green","crg03010",36.6,0.32,"Ribosome","LOC111121088"," 40S ribosomal protein S21-like"
"126","crg:105344628","Day 22 spat","green","crg03010",36.6,0.32,"Ribosome","LOC111127638"," 40S ribosomal protein S16"
"127","crg:105344628","Day 22 spat","green","crg03010",36.6,0.32,"Ribosome","LOC111136522"," 40S ribosomal protein S16-like"
"128","crg:105344646","Day 22 spat","green","crg03010",36.6,0.32,"Ribosome","LOC111134500"," 60S ribosomal protein L7-like"
"129","crg:105346731","Day 22 spat","green","crg03010",36.6,0.32,"Ribosome","LOC111132903"," 60S ribosomal protein L23a-like"
"130","crg:105347132","Day 22 spat","green","crg03010",36.6,0.32,"Ribosome","LOC111131662"," ubiquitin-like protein FUBI"
"131","crg:105347132","Day 22 spat","green","crg03010",36.6,0.32,"Ribosome","LOC111128317"," ubiquitin-like protein FUBI"
"132","crg:105347800","Day 22 spat","green","crg03010",36.6,0.32,"Ribosome","LOC111126281"," 40S ribosomal protein S18"
"133","crg:105347828","Day 22 spat","green","crg03010",36.6,0.32,"Ribosome","LOC111125548"," 40S ribosomal protein S5"
"134","crg:105348141","Day 22 spat","green","crg03010",36.6,0.32,"Ribosome","LOC111105616"," 60S ribosomal protein L44-like"
"135","crg:105348141","Day 22 spat","green","crg03010",36.6,0.32,"Ribosome","LOC111102683"," 60S ribosomal protein L44-like"
"136","crg:105319124","Day 22 spat","green","crg00190",1.46,0.083,"Oxidative phosphorylation","LOC111114799"," V-type proton ATPase subunit C 1-like"
"137","crg:105328413","Day 22 spat","green","crg00190",1.46,0.083,"Oxidative phosphorylation","LOC111101764"," NADH dehydrogenase [ubiquinone] iron-sulfur protein 4, mitochondrial-like"
"138","crg:105329407","Day 22 spat","green","crg00190",1.46,0.083,"Oxidative phosphorylation","LOC111133766"," NADH dehydrogenase [ubiquinone] 1 beta subcomplex subunit 9-like"
"139","crg:105332292","Day 22 spat","green","crg00190",1.46,0.083,"Oxidative phosphorylation","LOC111132066"," cytochrome c1-2, heme protein, mitochondrial-like"
"140","crg:105332292","Day 22 spat","green","crg00190",1.46,0.083,"Oxidative phosphorylation","LOC111137398"," cytochrome c1-2, heme protein, mitochondrial-like"
"141","crg:105344150","Day 22 spat","green","crg00190",1.46,0.083,"Oxidative phosphorylation","LOC111112645"," cytochrome c-like"
"142","crg:105347217","Day 22 spat","green","crg00190",1.46,0.083,"Oxidative phosphorylation","LOC111136161"," cytochrome c oxidase subunit 4 isoform 1, mitochondrial-like"
"143","crg:105347217","Day 22 spat","green","crg00190",1.46,0.083,"Oxidative phosphorylation","LOC111133662"," cytochrome c oxidase subunit 4 isoform 1, mitochondrial-like"
"144","crg:105317497","Day 22 spat","turquoise","crg00020",4.01,0.31,"Citrate cycle (TCA cycle)","LOC111127323"," dihydrolipoyllysine-residue acetyltransferase component of pyruvate dehydrogenase complex, mitochondrial-like"
"145","crg:105319941","Day 22 spat","turquoise","crg00020",4.01,0.31,"Citrate cycle (TCA cycle)","LOC111101152"," succinate--CoA ligase [ADP/GDP-forming] subunit alpha, mitochondrial-like"
"146","crg:105326107","Day 22 spat","turquoise","crg00020",4.01,0.31,"Citrate cycle (TCA cycle)","LOC111135400"," phosphoenolpyruvate carboxykinase [GTP]-like"
"147","crg:105328869","Day 22 spat","turquoise","crg00020",4.01,0.31,"Citrate cycle (TCA cycle)","LOC111111213"," citrate synthase, mitochondrial-like"
"148","crg:105333137","Day 22 spat","turquoise","crg00020",4.01,0.31,"Citrate cycle (TCA cycle)","LOC111136621"," malate dehydrogenase, mitochondrial-like"
"149","crg:105338756","Day 22 spat","turquoise","crg00020",4.01,0.31,"Citrate cycle (TCA cycle)","LOC111107273"," pyruvate dehydrogenase E1 component subunit beta, mitochondrial-like"
"150","crg:105339502","Day 22 spat","turquoise","crg00020",4.01,0.31,"Citrate cycle (TCA cycle)","LOC111108359"," dihydrolipoyl dehydrogenase, mitochondrial-like"
"151","crg:105339502","Day 22 spat","turquoise","crg00020",4.01,0.31,"Citrate cycle (TCA cycle)","LOC111109254"," dihydrolipoyl dehydrogenase, mitochondrial-like"
"152","crg:105341248","Day 22 spat","turquoise","crg00020",4.01,0.31,"Citrate cycle (TCA cycle)","LOC111137688"," succinate dehydrogenase [ubiquinone] iron-sulfur subunit, mitochondrial-like"
"153","crg:105343888","Day 22 spat","turquoise","crg00020",4.01,0.31,"Citrate cycle (TCA cycle)","LOC111129934"," malate dehydrogenase, cytoplasmic-like"
"154","crg:105318528","Day 22 spat","turquoise","crg03050",3.54,0.24,"Proteasome","LOC111127912"," proteasome subunit alpha type-6-like"
"155","crg:105326796","Day 22 spat","turquoise","crg03050",3.54,0.24,"Proteasome","LOC111130532"," uncharacterized"
"156","crg:105326861","Day 22 spat","turquoise","crg03050",3.54,0.24,"Proteasome","LOC111136729"," proteasomal ubiquitin receptor ADRM1-B-like"
"157","crg:105327391","Day 22 spat","turquoise","crg03050",3.54,0.24,"Proteasome","LOC111136010"," 26S proteasome non-ATPase regulatory subunit 4-like"
"158","crg:105332852","Day 22 spat","turquoise","crg03050",3.54,0.24,"Proteasome","LOC111135895"," 26S proteasome non-ATPase regulatory subunit 7-like"
"159","crg:105334244","Day 22 spat","turquoise","crg03050",3.54,0.24,"Proteasome","LOC111111505"," 26S proteasome regulatory subunit 8"
"160","crg:105341026","Day 22 spat","turquoise","crg03050",3.54,0.24,"Proteasome","LOC111105293"," 26S proteasome non-ATPase regulatory subunit 13-like"
"161","crg:105343011","Day 22 spat","turquoise","crg03050",3.54,0.24,"Proteasome","LOC111130295"," 26S proteasome regulatory subunit 10B"
"162","crg:105343419","Day 22 spat","turquoise","crg03050",3.54,0.24,"Proteasome","LOC111122651"," proteasome subunit beta type-1-like"
"163","crg:105348466","Day 22 spat","turquoise","crg03050",3.54,0.24,"Proteasome","LOC111122853"," proteasome maturation protein-like"
"164","crg:105317098","Day 22 spat","turquoise","crg03040",8.29,0.2,"Spliceosome","LOC111106083"," polyglutamine-binding protein 1-like"
"165","crg:105317098","Day 22 spat","turquoise","crg03040",8.29,0.2,"Spliceosome","LOC111109660"," polyglutamine-binding protein 1-like"
"166","crg:105318287","Day 22 spat","turquoise","crg03040",8.29,0.2,"Spliceosome","LOC111129301"," U1 small nuclear ribonucleoprotein 70 kDa-like"
"167","crg:105319209","Day 22 spat","turquoise","crg03040",8.29,0.2,"Spliceosome","LOC111125507"," spliceosome RNA helicase DDX39B"
"168","crg:105319620","Day 22 spat","turquoise","crg03040",8.29,0.2,"Spliceosome","LOC111130068"," splicing factor 3B subunit 2-like"
"169","crg:105319620","Day 22 spat","turquoise","crg03040",8.29,0.2,"Spliceosome","LOC111130237"," splicing factor 3B subunit 2-like"
"170","crg:105320833","Day 22 spat","turquoise","crg03040",8.29,0.2,"Spliceosome","LOC111120794"," splicing factor 3B subunit 6-like protein"
"171","crg:105320915","Day 22 spat","turquoise","crg03040",8.29,0.2,"Spliceosome","LOC111121987"," probable splicing factor 3B subunit 5"
"172","crg:105321607","Day 22 spat","turquoise","crg03040",8.29,0.2,"Spliceosome","LOC111120828"," peptidyl-prolyl cis-trans isomerase E-like"
"173","crg:105322216","Day 22 spat","turquoise","crg03040",8.29,0.2,"Spliceosome","LOC111102762"," U1 small nuclear ribonucleoprotein A-like"
"174","crg:105322652","Day 22 spat","turquoise","crg03040",8.29,0.2,"Spliceosome","LOC111134531"," transcription elongation regulator 1-like"
"175","crg:105322856","Day 22 spat","turquoise","crg03040",8.29,0.2,"Spliceosome","LOC111134667"," peptidyl-prolyl cis-trans isomerase H-like"
"176","crg:105323611","Day 22 spat","turquoise","crg03040",8.29,0.2,"Spliceosome","LOC111110150"," U6 snRNA-associated Sm-like protein LSm3"
"177","crg:105323611","Day 22 spat","turquoise","crg03040",8.29,0.2,"Spliceosome","LOC111106827"," U6 snRNA-associated Sm-like protein LSm3"
"178","crg:105324065","Day 22 spat","turquoise","crg03040",8.29,0.2,"Spliceosome","LOC111118194"," U2 small nuclear ribonucleoprotein A'-like"
"179","crg:105326740","Day 22 spat","turquoise","crg03040",8.29,0.2,"Spliceosome","LOC111114893"," ATP-dependent RNA helicase DHX8-like"
"180","crg:105328191","Day 22 spat","turquoise","crg03040",8.29,0.2,"Spliceosome","LOC111109639"," small nuclear ribonucleoprotein F"
"181","crg:105328191","Day 22 spat","turquoise","crg03040",8.29,0.2,"Spliceosome","LOC111108450"," small nuclear ribonucleoprotein F"
"182","crg:105330153","Day 22 spat","turquoise","crg03040",8.29,0.2,"Spliceosome","LOC111124560"," THO complex subunit 2-like"
"183","crg:105334527","Day 22 spat","turquoise","crg03040",8.29,0.2,"Spliceosome","LOC111103801"," cell division cycle 5-like protein"
"184","crg:105335780","Day 22 spat","turquoise","crg03040",8.29,0.2,"Spliceosome","LOC111118539"," splicing factor U2AF 50 kDa subunit-like"
"185","crg:105337188","Day 22 spat","turquoise","crg03040",8.29,0.2,"Spliceosome","LOC111122128"," U4/U6.U5 tri-snRNP-associated protein 2-like"
"186","crg:105338772","Day 22 spat","turquoise","crg03040",8.29,0.2,"Spliceosome","LOC111121753"," pre-mRNA-splicing factor 38A-like"
"187","crg:105338772","Day 22 spat","turquoise","crg03040",8.29,0.2,"Spliceosome","LOC111119918"," pre-mRNA-splicing factor 38A-like"
"188","crg:105341528","Day 22 spat","turquoise","crg03040",8.29,0.2,"Spliceosome","LOC111136764"," heterogeneous nuclear ribonucleoprotein C-like"
"189","crg:105343163","Day 22 spat","turquoise","crg03040",8.29,0.2,"Spliceosome","LOC111138391"," pre-mRNA-processing factor 19-like"
"190","crg:105343163","Day 22 spat","turquoise","crg03040",8.29,0.2,"Spliceosome","LOC111132870"," pre-mRNA-processing factor 19-like"
"191","crg:105343416","Day 22 spat","turquoise","crg03040",8.29,0.2,"Spliceosome","LOC111122650"," U4/U6 small nuclear ribonucleoprotein Prp4-like"
"192","crg:105345480","Day 22 spat","turquoise","crg03040",8.29,0.2,"Spliceosome","LOC111120054"," probable ATP-dependent RNA helicase DDX46"
"193","crg:105346162","Day 22 spat","turquoise","crg03040",8.29,0.2,"Spliceosome","LOC111129496"," small nuclear ribonucleoprotein Sm D2"
"194","crg:105347185","Day 22 spat","turquoise","crg03040",8.29,0.2,"Spliceosome","LOC111135640"," splicing factor 3A subunit 1-like"
"195","crg:105348805","Day 22 spat","turquoise","crg03040",8.29,0.2,"Spliceosome","LOC111117994"," NHP2-like protein 1"
"196","crg:105348805","Day 22 spat","turquoise","crg03040",8.29,0.2,"Spliceosome","LOC111135336"," H/ACA ribonucleoprotein complex subunit 2-like protein"
"197","crg:105348805","Day 22 spat","turquoise","crg03040",8.29,0.2,"Spliceosome","LOC111118069"," NHP2-like protein 1"
"198","crg:105319097","Day 22 spat","turquoise","crg00190",4.4,0.19,"Oxidative phosphorylation","LOC111114597"," ATP synthase subunit beta, mitochondrial"
"199","crg:105319696","Day 22 spat","turquoise","crg00190",4.4,0.19,"Oxidative phosphorylation","LOC111126316"," NADH-ubiquinone oxidoreductase 49 kDa subunit-like"
"200","crg:105319696","Day 22 spat","turquoise","crg00190",4.4,0.19,"Oxidative phosphorylation","LOC111126131"," NADH-ubiquinone oxidoreductase 49 kDa subunit-like"
"201","crg:105321030","Day 22 spat","turquoise","crg00190",4.4,0.19,"Oxidative phosphorylation","LOC111121087"," acyl carrier protein, mitochondrial-like"
"202","crg:105324755","Day 22 spat","turquoise","crg00190",4.4,0.19,"Oxidative phosphorylation","LOC111102414"," ATP synthase F(0) complex subunit B1, mitochondrial-like"
"203","crg:105326432","Day 22 spat","turquoise","crg00190",4.4,0.19,"Oxidative phosphorylation","LOC111102448"," NADH dehydrogenase [ubiquinone] flavoprotein 1, mitochondrial-like"
"204","crg:105329525","Day 22 spat","turquoise","crg00190",4.4,0.19,"Oxidative phosphorylation","LOC111138187"," ATP synthase lipid-binding protein, mitochondrial-like"
"205","crg:105330603","Day 22 spat","turquoise","crg00190",4.4,0.19,"Oxidative phosphorylation","LOC111104049"," cytochrome c oxidase subunit NDUFA4-like"
"206","crg:105332067","Day 22 spat","turquoise","crg00190",4.4,0.19,"Oxidative phosphorylation","LOC111130549"," ATP synthase subunit alpha, mitochondrial-like"
"207","crg:105332292","Day 22 spat","turquoise","crg00190",4.4,0.19,"Oxidative phosphorylation","LOC111132066"," cytochrome c1-2, heme protein, mitochondrial-like"
"208","crg:105332292","Day 22 spat","turquoise","crg00190",4.4,0.19,"Oxidative phosphorylation","LOC111137398"," cytochrome c1-2, heme protein, mitochondrial-like"
"209","crg:105333395","Day 22 spat","turquoise","crg00190",4.4,0.19,"Oxidative phosphorylation","LOC111100266"," V-type proton ATPase subunit E-like"
"210","crg:105333395","Day 22 spat","turquoise","crg00190",4.4,0.19,"Oxidative phosphorylation","LOC111100692"," V-type proton ATPase subunit E-like"
"211","crg:105333395","Day 22 spat","turquoise","crg00190",4.4,0.19,"Oxidative phosphorylation","LOC111100264"," V-type proton ATPase subunit E-like"
"212","crg:105333395","Day 22 spat","turquoise","crg00190",4.4,0.19,"Oxidative phosphorylation","LOC111100265"," V-type proton ATPase subunit E-like"
"213","crg:105333395","Day 22 spat","turquoise","crg00190",4.4,0.19,"Oxidative phosphorylation","LOC111100263"," V-type proton ATPase subunit E-like"
"214","crg:105333395","Day 22 spat","turquoise","crg00190",4.4,0.19,"Oxidative phosphorylation","LOC111100268"," V-type proton ATPase subunit E-like"
"215","crg:105333395","Day 22 spat","turquoise","crg00190",4.4,0.19,"Oxidative phosphorylation","LOC111100679"," V-type proton ATPase subunit E-like"
"216","crg:105333395","Day 22 spat","turquoise","crg00190",4.4,0.19,"Oxidative phosphorylation","LOC111101124"," V-type proton ATPase subunit E-like"
"217","crg:105333395","Day 22 spat","turquoise","crg00190",4.4,0.19,"Oxidative phosphorylation","LOC111100677"," V-type proton ATPase subunit E-like"
"218","crg:105333395","Day 22 spat","turquoise","crg00190",4.4,0.19,"Oxidative phosphorylation","LOC111100678"," V-type proton ATPase subunit E 1-like"
"219","crg:105341248","Day 22 spat","turquoise","crg00190",4.4,0.19,"Oxidative phosphorylation","LOC111137688"," succinate dehydrogenase [ubiquinone] iron-sulfur subunit, mitochondrial-like"
"220","crg:105344651","Day 22 spat","turquoise","crg00190",4.4,0.19,"Oxidative phosphorylation","LOC111100768"," NADH dehydrogenase [ubiquinone] 1 alpha subcomplex subunit 9, mitochondrial-like"
"221","crg:105345750","Day 22 spat","turquoise","crg00190",4.4,0.19,"Oxidative phosphorylation","LOC111114769"," NADH dehydrogenase [ubiquinone] 1 alpha subcomplex subunit 10, mitochondrial-like"
"222","crg:105346116","Day 22 spat","turquoise","crg00190",4.4,0.19,"Oxidative phosphorylation","LOC111136787"," NADH dehydrogenase [ubiquinone] 1 beta subcomplex subunit 5, mitochondrial-like"
"223","crg:105347217","Day 22 spat","turquoise","crg00190",4.4,0.19,"Oxidative phosphorylation","LOC111136161"," cytochrome c oxidase subunit 4 isoform 1, mitochondrial-like"
"224","crg:105347217","Day 22 spat","turquoise","crg00190",4.4,0.19,"Oxidative phosphorylation","LOC111133662"," cytochrome c oxidase subunit 4 isoform 1, mitochondrial-like"
"225","crg:105347858","Day 22 spat","turquoise","crg00190",4.4,0.19,"Oxidative phosphorylation","LOC111104128"," NADH dehydrogenase [ubiquinone] 1 beta subcomplex subunit 8, mitochondrial-like"
"226","crg:105317753","Day 22 spat","turquoise","crg03082",3.01,0.15,"ATP-dependent chromatin remodeling","LOC111105834"," ruvB-like 1"
"227","crg:105320209","Day 22 spat","turquoise","crg03082",3.01,0.15,"ATP-dependent chromatin remodeling","LOC111127973"," transcriptional repressor protein YY1-like"
"228","crg:105320932","Day 22 spat","turquoise","crg03082",3.01,0.15,"ATP-dependent chromatin remodeling","LOC111127274"," SWI/SNF-related matrix-associated actin-dependent regulator of chromatin subfamily A member 5-like"
"229","crg:105320932","Day 22 spat","turquoise","crg03082",3.01,0.15,"ATP-dependent chromatin remodeling","LOC111123066"," SWI/SNF-related matrix-associated actin-dependent regulator of chromatin subfamily A member 5-like"
"230","crg:105321523","Day 22 spat","turquoise","crg03082",3.01,0.15,"ATP-dependent chromatin remodeling","LOC111133731"," INO80 complex subunit B-like"
"231","crg:105321523","Day 22 spat","turquoise","crg03082",3.01,0.15,"ATP-dependent chromatin remodeling","LOC111136660"," INO80 complex subunit B-like"
"232","crg:105323254","Day 22 spat","turquoise","crg03082",3.01,0.15,"ATP-dependent chromatin remodeling","LOC111137104"," SWI/SNF complex subunit SMARCC2-like"
"233","crg:105324296","Day 22 spat","turquoise","crg03082",3.01,0.15,"ATP-dependent chromatin remodeling","LOC111128054"," mortality factor 4-like protein 1"
"234","crg:105326705","Day 22 spat","turquoise","crg03082",3.01,0.15,"ATP-dependent chromatin remodeling","LOC111119261"," actin, cytoplasmic-like"
"235","crg:105331842","Day 22 spat","turquoise","crg03082",3.01,0.15,"ATP-dependent chromatin remodeling","LOC111125315"," tyrosine-protein kinase BAZ1B-like"
"236","crg:105339630","Day 22 spat","turquoise","crg03082",3.01,0.15,"ATP-dependent chromatin remodeling","LOC111104315"," histone-binding protein RBBP4"
"237","crg:105339630","Day 22 spat","turquoise","crg03082",3.01,0.15,"ATP-dependent chromatin remodeling","LOC111105085"," histone-binding protein RBBP7-like"
"238","crg:105339630","Day 22 spat","turquoise","crg03082",3.01,0.15,"ATP-dependent chromatin remodeling","LOC111104330"," histone-binding protein RBBP4"
"239","crg:105339630","Day 22 spat","turquoise","crg03082",3.01,0.15,"ATP-dependent chromatin remodeling","LOC111102893"," histone-binding protein RBBP7-like"
"240","crg:105340468","Day 22 spat","turquoise","crg03082",3.01,0.15,"ATP-dependent chromatin remodeling","LOC111118354"," actin-like"
"241","crg:105340468","Day 22 spat","turquoise","crg03082",3.01,0.15,"ATP-dependent chromatin remodeling","LOC111120142"," actin, cytoplasmic 1-like"
"242","crg:105340468","Day 22 spat","turquoise","crg03082",3.01,0.15,"ATP-dependent chromatin remodeling","LOC111118647"," actin, cytoplasmic 1-like"
"243","crg:105340468","Day 22 spat","turquoise","crg03082",3.01,0.15,"ATP-dependent chromatin remodeling","LOC111135468"," actin, cytoplasmic 1-like"
"244","crg:105340468","Day 22 spat","turquoise","crg03082",3.01,0.15,"ATP-dependent chromatin remodeling","LOC111119158"," actin-like"
"245","crg:105344354","Day 22 spat","turquoise","crg03082",3.01,0.15,"ATP-dependent chromatin remodeling","LOC111126163"," histone H2A-like"
"246","crg:105345699","Day 22 spat","turquoise","crg03082",3.01,0.15,"ATP-dependent chromatin remodeling","LOC111136084"," chromodomain-helicase-DNA-binding protein Mi-2 homolog"
"247","crg:105345699","Day 22 spat","turquoise","crg03082",3.01,0.15,"ATP-dependent chromatin remodeling","LOC111132503"," chromodomain-helicase-DNA-binding protein Mi-2 homolog"
"248","crg:105347668","Day 22 spat","turquoise","crg03082",3.01,0.15,"ATP-dependent chromatin remodeling","LOC111103396"," trithorax group protein osa-like"
"249","crg:105347668","Day 22 spat","turquoise","crg03082",3.01,0.15,"ATP-dependent chromatin remodeling","LOC111104368"," trithorax group protein osa-like"
"250","crg:105317497","Day 22 spat","turquoise","crg01200",2.88,0.14,"Carbon metabolism","LOC111127323"," dihydrolipoyllysine-residue acetyltransferase component of pyruvate dehydrogenase complex, mitochondrial-like"
"251","crg:105318268","Day 22 spat","turquoise","crg01200",2.88,0.14,"Carbon metabolism","LOC111137596"," aspartate aminotransferase, mitochondrial-like"
"252","crg:105319941","Day 22 spat","turquoise","crg01200",2.88,0.14,"Carbon metabolism","LOC111101152"," succinate--CoA ligase [ADP/GDP-forming] subunit alpha, mitochondrial-like"
"253","crg:105328869","Day 22 spat","turquoise","crg01200",2.88,0.14,"Carbon metabolism","LOC111111213"," citrate synthase, mitochondrial-like"
"254","crg:105330868","Day 22 spat","turquoise","crg01200",2.88,0.14,"Carbon metabolism","LOC111138044"," pyruvate kinase PKM-like"
"255","crg:105333137","Day 22 spat","turquoise","crg01200",2.88,0.14,"Carbon metabolism","LOC111136621"," malate dehydrogenase, mitochondrial-like"
"256","crg:105335180","Day 22 spat","turquoise","crg01200",2.88,0.14,"Carbon metabolism","LOC111105262"," transaldolase-like"
"257","crg:105335180","Day 22 spat","turquoise","crg01200",2.88,0.14,"Carbon metabolism","LOC111105573"," transaldolase-like"
"258","crg:105336766","Day 22 spat","turquoise","crg01200",2.88,0.14,"Carbon metabolism","LOC111129161"," probable methylmalonate-semialdehyde dehydrogenase [acylating], mitochondrial"
"259","crg:105338126","Day 22 spat","turquoise","crg01200",2.88,0.14,"Carbon metabolism","LOC111136940"," fructose-bisphosphate aldolase-like"
"260","crg:105338756","Day 22 spat","turquoise","crg01200",2.88,0.14,"Carbon metabolism","LOC111107273"," pyruvate dehydrogenase E1 component subunit beta, mitochondrial-like"
"261","crg:105339502","Day 22 spat","turquoise","crg01200",2.88,0.14,"Carbon metabolism","LOC111108359"," dihydrolipoyl dehydrogenase, mitochondrial-like"
"262","crg:105339502","Day 22 spat","turquoise","crg01200",2.88,0.14,"Carbon metabolism","LOC111109254"," dihydrolipoyl dehydrogenase, mitochondrial-like"
"263","crg:105340512","Day 22 spat","turquoise","crg01200",2.88,0.14,"Carbon metabolism","LOC111099143"," glyceraldehyde-3-phosphate dehydrogenase-like"
"264","crg:105341248","Day 22 spat","turquoise","crg01200",2.88,0.14,"Carbon metabolism","LOC111137688"," succinate dehydrogenase [ubiquinone] iron-sulfur subunit, mitochondrial-like"
"265","crg:105343888","Day 22 spat","turquoise","crg01200",2.88,0.14,"Carbon metabolism","LOC111129934"," malate dehydrogenase, cytoplasmic-like"
"266","crg:105347640","Day 22 spat","turquoise","crg01200",2.88,0.14,"Carbon metabolism","LOC111100351"," probable phosphoglycerate mutase"
